goals,assists,xg,xa,shots,key_passes,big_chances_created,dribbles,final_third_passes,tackles_won,interceptions,recoveries,clearances,aerials_won,minutes,appearances,player_id,player,slug,team,league,position,season,goals_p90,assists_p90,xg_p90,xa_p90,shots_p90,key_passes_p90,big_chances_created_p90,dribbles_p90,final_third_passes_p90,tackles_won_p90,interceptions_p90,recoveries_p90,clearances_p90,aerials_won_p90
0,0,0.43,0.16,2,0,0,1,33,5,4,30,20,9,482,6,149734,Aymeric Laporte,aymeric-laporte,Athletic Club,La Liga,Defender,2026/27,0.0,0.0,0.0803,0.0299,0.3734,0.0,0.0,0.1867,6.1618,0.9336,0.7469,5.6017,3.7344,1.6805
0,0,0.03,0.25,1,1,0,0,26,8,12,11,3,4,373,5,1171619,Beñat Gerenabarrena,benat-gerenabarrena,Athletic Club,La Liga,Midfielder,2026/27,0.0,0.0,0.0072,0.0603,0.2413,0.2413,0.0,0.0,6.2735,1.9303,2.8954,2.6542,0.7239,0.9651
0,2,1.74,0.08,12,5,1,4,13,4,1,7,1,5,392,6,783374,Iñaki Williams,inaki-williams,Athletic Club,La Liga,Midfielder,2026/27,0.0,0.4592,0.3995,0.0184,2.7551,1.148,0.2296,0.9184,2.9847,0.9184,0.2296,1.6071,0.2296,1.148
0,0,0.08,0.33,2,6,0,1,31,5,7,11,6,7,344,5,910267,Jesús Areso,jesus-areso,Athletic Club,La Liga,Defender,2026/27,0.0,0.0,0.0209,0.0863,0.5233,1.5698,0.0,0.2616,8.1105,1.3081,1.8314,2.8779,1.5698,1.8314
1,0,1.06,1.32,12,7,1,6,56,6,4,17,4,2,364,6,1085400,Nico Williams,nico-williams,Athletic Club,La Liga,Midfielder,2026/27,0.2473,0.0,0.2621,0.3264,2.967,1.7308,0.2473,1.4835,13.8462,1.4835,0.989,4.2033,0.989,0.4945
1,0,2.58,1.19,17,9,1,12,60,2,2,19,0,6,515,6,966801,Oihan Sancet,oihan-sancet,Athletic Club,La Liga,Midfielder,2026/27,0.1748,0.0,0.4509,0.208,2.9709,1.5728,0.1748,2.0971,10.4854,0.3495,0.3495,3.3204,0.0,1.0485
2,0,1.37,0.47,9,6,0,5,40,3,6,17,0,0,317,5,944165,Robert Navarro,robert-navarro,Athletic Club,La Liga,Midfielder,2026/27,0.5678,0.0,0.389,0.1334,2.5552,1.7035,0.0,1.4196,11.3565,0.8517,1.7035,4.8265,0.0,0.0
0,1,0.16,0.03,3,2,1,4,19,1,4,14,14,7,315,4,807648,Yeray Álvarez,yeray-alvarez,Athletic Club,La Liga,Defender,2026/27,0.0,0.2857,0.0457,0.0086,0.8571,0.5714,0.2857,1.1429,5.4286,0.2857,1.1429,4.0,4.0,2.0
0,0,0.26,0.35,11,6,1,1,56,7,4,27,7,4,367,5,84531,Yuri Berchiche,yuri-berchiche,Athletic Club,La Liga,Defender,2026/27,0.0,0.0,0.0638,0.0858,2.6975,1.4714,0.2452,0.2452,13.733,1.7166,0.9809,6.6213,1.7166,0.9809
1,0,1.17,0.64,10,12,1,4,58,3,0,10,0,0,460,7,824200,Ademola Lookman,ademola-lookman,Atlético Madrid,La Liga,Forward,2026/27,0.1957,0.0,0.2289,0.1252,1.9565,2.3478,0.1957,0.7826,11.3478,0.587,0.0,1.9565,0.0,0.0
2,1,2.11,0.47,10,3,2,11,82,9,4,20,10,4,535,6,177177,Alejandro Grimaldo,alex-grimaldo,Atlético Madrid,La Liga,Midfielder,2026/27,0.3364,0.1682,0.355,0.0791,1.6822,0.5047,0.3364,1.8505,13.7944,1.514,0.6729,3.3645,1.6822,0.6729
4,1,1.12,1.26,15,14,1,0,78,2,9,17,1,1,455,7,910031,Alex Baena,alex-baena,Atlético Madrid,La Liga,Midfielder,2026/27,0.7912,0.1978,0.2215,0.2492,2.967,2.7692,0.1978,0.0,15.4286,0.3956,1.7802,3.3626,0.1978,0.1978
0,2,0.37,0.43,8,3,2,7,61,4,9,23,25,8,549,7,807771,Dávid Hancko,david-hancko,Atlético Madrid,La Liga,Defender,2026/27,0.0,0.3279,0.0607,0.0705,1.3115,0.4918,0.3279,1.1475,10.0,0.6557,1.4754,3.7705,4.0984,1.3115
2,2,1.0,0.42,9,5,1,2,59,10,6,27,5,11,474,7,1099352,Giuliano Simeone,giuliano-simeone,Atlético Madrid,La Liga,Midfielder,2026/27,0.3797,0.3797,0.1899,0.0797,1.7089,0.9494,0.1899,0.3797,11.2025,1.8987,1.1392,5.1266,0.9494,2.0886
2,1,1.24,0.88,20,10,3,12,87,8,2,19,2,3,469,7,917087,Kang-in Lee,kang-in-lee,Atlético Madrid,La Liga,Midfielder,2026/27,0.3838,0.1919,0.238,0.1689,3.838,1.919,0.5757,2.3028,16.6951,1.5352,0.3838,3.6461,0.3838,0.5757
0,0,0.12,0.6,2,8,1,1,108,8,2,20,1,0,358,7,84539,Koke,koke,Atlético Madrid,La Liga,Midfielder,2026/27,0.0,0.0,0.0302,0.1508,0.5028,2.0112,0.2514,0.2514,27.1508,2.0112,0.5028,5.0279,0.2514,0.0
1,0,0.15,0.09,2,0,0,0,30,5,1,15,9,6,403,6,1094106,Marc Pubill,marc-pubill,Atlético Madrid,La Liga,Defender,2026/27,0.2233,0.0,0.0335,0.0201,0.4467,0.0,0.0,0.0,6.6998,1.1166,0.2233,3.3499,2.0099,1.34
0,1,0.11,0.23,3,9,0,4,81,6,9,26,8,2,465,7,353138,Marcos Llorente,marcos-llorente,Atlético Madrid,La Liga,Defender,2026/27,0.0,0.1935,0.0213,0.0445,0.5806,1.7419,0.0,0.7742,15.6774,1.1613,1.7419,5.0323,1.5484,0.3871
0,0,0.17,0.31,3,8,0,2,41,4,8,17,8,5,353,7,859917,Morten Hjulmand,morten-hjulmand,Atlético Madrid,La Liga,Midfielder,2026/27,0.0,0.0,0.0433,0.079,0.7649,2.0397,0.0,0.5099,10.4533,1.0198,2.0397,4.3343,2.0397,1.2748
1,0,0.56,0.23,6,3,1,3,22,0,0,12,3,6,394,7,949962,Ferrán Jutglà,ferran-jutgla,Celta Vigo,La Liga,Forward,2026/27,0.2284,0.0,0.1279,0.0525,1.3706,0.6853,0.2284,0.6853,5.0254,0.0,0.0,2.7411,0.6853,1.3706
1,0,0.25,0.42,5,1,1,2,79,8,5,27,6,0,492,7,962890,Ilaix Moriba,ilaix-moriba,Celta Vigo,La Liga,Midfielder,2026/27,0.1829,0.0,0.0457,0.0768,0.9146,0.1829,0.1829,0.3659,14.4512,1.4634,0.9146,4.939,1.0976,0.0
0,0,0.08,0.43,3,6,1,4,46,5,6,20,8,4,376,7,1008259,Javier Rueda,javier-rueda,Celta Vigo,La Liga,Midfielder,2026/27,0.0,0.0,0.0191,0.1029,0.7181,1.4362,0.2394,0.9574,11.0106,1.1968,1.4362,4.7872,1.9149,0.9574
0,0,0.27,0.19,3,0,0,0,92,5,10,24,25,7,411,5,69408,Marcos Alonso,marcos-alonso,Celta Vigo,La Liga,Defender,2026/27,0.0,0.0,0.0591,0.0416,0.6569,0.0,0.0,0.0,20.146,1.0949,2.1898,5.2555,5.4745,1.5328
1,2,0.18,0.76,7,7,1,3,113,5,2,30,6,4,579,7,1398526,Miguel Román,miguel-roman,Celta Vigo,La Liga,Midfielder,2026/27,0.1554,0.3109,0.028,0.1181,1.0881,1.0881,0.1554,0.4663,17.5648,0.7772,0.3109,4.6632,0.9326,0.6218
0,0,0.55,0.74,4,4,1,4,89,2,2,20,5,0,456,7,1002764,Sergio Carreira,sergio-carreira,Celta Vigo,La Liga,Midfielder,2026/27,0.0,0.0,0.1086,0.1461,0.7895,0.7895,0.1974,0.7895,17.5658,0.3947,0.3947,3.9474,0.9868,0.0
0,0,0.78,0.2,4,3,0,2,23,3,2,6,2,2,310,6,1126779,Williot Swedberg,williot-swedberg,Celta Vigo,La Liga,Midfielder,2026/27,0.0,0.0,0.2265,0.0581,1.1613,0.871,0.0,0.5806,6.6774,0.871,0.5806,1.7419,0.5806,0.5806
0,0,0.09,0.1,1,1,0,0,39,4,14,29,30,5,585,7,1145100,Yoel Lago,yoel-lago,Celta Vigo,La Liga,Defender,2026/27,0.0,0.0,0.0138,0.0154,0.1538,0.1538,0.0,0.0,6.0,0.6154,2.1538,4.4615,4.6154,0.7692
0,0,0.16,0.12,5,0,0,9,34,9,11,24,8,7,561,7,1082968,Abderrahman Rebbach,abderrahman-rebbach,Deportivo Alavés,La Liga,Midfielder,2026/27,0.0,0.0,0.0257,0.0193,0.8021,0.0,0.0,1.4439,5.4545,1.4439,1.7647,3.8503,1.2834,1.123
0,0,0.2,0.23,7,2,0,1,40,7,13,27,8,2,526,7,855832,Antonio Blanco,antonio-blanco,Deportivo Alavés,La Liga,Midfielder,2026/27,0.0,0.0,0.0342,0.0394,1.1977,0.3422,0.0,0.1711,6.8441,1.1977,2.2243,4.6198,1.3688,0.3422
0,0,0.1,0.12,2,2,0,3,29,10,4,24,23,5,510,6,235648,Jonny Otto,jonny-otto,Deportivo Alavés,La Liga,Defender,2026/27,0.0,0.0,0.0176,0.0212,0.3529,0.3529,0.0,0.5294,5.1176,1.7647,0.7059,4.2353,4.0588,0.8824
4,0,1.24,0.36,16,4,1,3,29,12,0,18,5,15,484,6,814385,Lucas Boyé,lucas-boye,Deportivo Alavés,La Liga,Forward,2026/27,0.7438,0.0,0.2306,0.0669,2.9752,0.7438,0.186,0.5579,5.3926,2.2314,0.0,3.3471,0.9298,2.7893
3,3,1.29,0.36,9,3,1,5,16,1,0,12,3,8,323,7,175753,Mariano Díaz,mariano-diaz,Deportivo Alavés,La Liga,Forward,2026/27,0.8359,0.8359,0.3594,0.1003,2.5077,0.8359,0.2786,1.3932,4.4582,0.2786,0.0,3.3437,0.8359,2.2291
1,0,0.38,0.34,6,2,1,3,25,8,10,24,30,7,585,7,896073,Nahuel Tenaglia,nahuel-tenaglia,Deportivo Alavés,La Liga,Defender,2026/27,0.1538,0.0,0.0585,0.0523,0.9231,0.3077,0.1538,0.4615,3.8462,1.2308,1.5385,3.6923,4.6154,1.0769
1,0,0.75,0.12,9,2,0,7,46,5,8,33,12,6,580,7,1084381,Pablo Ibáñez,pablo-ibanez-lumbreras,Deportivo Alavés,La Liga,Midfielder,2026/27,0.1552,0.0,0.1164,0.0186,1.3966,0.3103,0.0,1.0862,7.1379,0.7759,1.2414,5.1207,1.8621,0.931
0,0,1.93,0.14,11,5,2,0,15,4,0,5,8,18,349,6,831253,Toni Martínez,toni-martinez,Deportivo Alavés,La Liga,Forward,2026/27,0.0,0.0,0.4977,0.0361,2.8367,1.2894,0.5158,0.0,3.8682,1.0315,0.0,1.2894,2.063,4.6418
1,0,0.91,0.02,2,0,0,1,9,2,8,9,47,9,620,7,999178,Ville Koski,koski-ville,Deportivo Alavés,La Liga,Defender,2026/27,0.1452,0.0,0.1321,0.0029,0.2903,0.0,0.0,0.1452,1.3065,0.2903,1.1613,1.3065,6.8226,1.3065
0,3,0.92,1.66,9,10,6,11,30,3,5,20,5,2,492,7,1513222,Ángel Pérez,angel-perez,Deportivo Alavés,La Liga,Midfielder,2026/27,0.0,0.5488,0.1683,0.3037,1.6463,1.8293,1.0976,2.0122,5.4878,0.5488,0.9146,3.6585,0.9146,0.3659
0,0,0.72,0.1,10,3,1,10,23,5,0,13,6,14,409,7,2335487,Bil Nsongo,bil-nsongo,Deportivo de A Coruña,La Liga,Forward,2026/27,0.0,0.0,0.1584,0.022,2.2005,0.6601,0.22,2.2005,5.0611,1.1002,0.0,2.8606,1.3203,3.0807
0,0,0.24,0.63,5,6,1,5,41,3,13,32,11,2,569,7,973300,Giacomo Quagliata,giacomo-quagliata,Deportivo de A Coruña,La Liga,Defender,2026/27,0.0,0.0,0.038,0.0996,0.7909,0.949,0.1582,0.7909,6.4851,0.4745,2.0562,5.0615,1.7399,0.3163
0,0,0.35,0.04,5,2,1,0,21,0,4,5,30,14,364,6,325355,José María Giménez,jose-maria-gimenez,Deportivo de A Coruña,La Liga,Defender,2026/27,0.0,0.0,0.0865,0.0099,1.2363,0.4945,0.2473,0.0,5.1923,0.0,0.989,1.2363,7.4176,3.4615
0,1,0.0,0.13,0,3,0,2,43,8,6,24,17,9,540,6,1100207,Lorenzo Amatucci,amatucci-lorenzo,Deportivo de A Coruña,La Liga,Midfielder,2026/27,0.0,0.1667,0.0,0.0217,0.0,0.5,0.0,0.3333,7.1667,1.3333,1.0,4.0,2.8333,1.5
0,0,0.0,0.04,0,1,0,1,11,6,8,14,37,8,450,5,1127337,Lucas Noubi,lucas-noubi,Deportivo de A Coruña,La Liga,Defender,2026/27,0.0,0.0,0.0,0.008,0.0,0.2,0.0,0.2,2.2,1.2,1.6,2.8,7.4,1.6
1,1,0.37,1.27,4,14,1,5,52,5,2,17,3,4,399,7,966526,Luismi Cruz,luismi-cruz,Deportivo de A Coruña,La Liga,Midfielder,2026/27,0.2256,0.2256,0.0835,0.2865,0.9023,3.1579,0.2256,1.1278,11.7293,1.1278,0.4511,3.8346,0.6767,0.9023
0,2,0.36,0.74,7,7,4,2,69,3,4,28,4,2,508,7,984622,Mario Soriano,mario-soriano,Deportivo de A Coruña,La Liga,Midfielder,2026/27,0.0,0.3543,0.0638,0.1311,1.2402,1.2402,0.7087,0.3543,12.2244,0.5315,0.7087,4.9606,0.7087,0.3543
5,2,3.16,0.5,17,9,1,4,39,2,3,12,8,4,560,7,51498,Pierre-Emerick Aubameyang,pierre-emerick-aubameyang,Deportivo de A Coruña,La Liga,Forward,2026/27,0.8036,0.3214,0.5079,0.0804,2.7321,1.4464,0.1607,0.6429,6.2679,0.3214,0.4821,1.9286,1.2857,0.6429
0,0,0.25,0.12,4,1,0,0,35,9,9,15,26,4,533,6,150864,Ximo Navarro,ximo-navarro,Deportivo de A Coruña,La Liga,Defender,2026/27,0.0,0.0,0.0422,0.0203,0.6754,0.1689,0.0,0.0,5.9099,1.5197,1.5197,2.5328,4.3902,0.6754
1,0,0.04,0.12,1,2,0,2,35,11,3,8,16,2,540,7,1542721,Buba Sangaré,sangare-buba,Elche,La Liga,Defender,2026/27,0.1667,0.0,0.0067,0.02,0.1667,0.3333,0.0,0.3333,5.8333,1.8333,0.5,1.3333,2.6667,0.3333
0,0,0.05,0.16,1,2,1,1,16,7,9,26,11,1,327,5,1117026,Federico Redondo,federico-redondo,Elche,La Liga,Midfielder,2026/27,0.0,0.0,0.0138,0.044,0.2752,0.5505,0.2752,0.2752,4.4037,1.9266,2.4771,7.156,3.0275,0.2752
5,0,2.9,0.21,11,2,1,6,27,5,2,13,8,20,470,7,1016019,Fernando Niño,fernando-nino,Elche,La Liga,Forward,2026/27,0.9574,0.0,0.5553,0.0402,2.1064,0.383,0.1915,1.1489,5.1702,0.9574,0.383,2.4894,1.5319,3.8298
1,0,0.37,0.94,3,12,1,7,64,4,4,20,9,3,572,7,962710,Germán Valera,german-valera,Elche,La Liga,Midfielder,2026/27,0.1573,0.0,0.0582,0.1479,0.472,1.8881,0.1573,1.1014,10.0699,0.6294,0.6294,3.1469,1.4161,0.472
0,1,0.21,1.08,4,8,2,6,72,7,5,30,3,7,573,7,914765,Gonzalo Villar,gonzalo-villar,Elche,La Liga,Midfielder,2026/27,0.0,0.1571,0.033,0.1696,0.6283,1.2565,0.3141,0.9424,11.3089,1.0995,0.7853,4.712,0.4712,1.0995
0,0,0.02,0.03,1,1,0,0,9,7,6,16,14,2,307,5,1832076,Javi Morcillo,javi-morcillo,Elche,La Liga,Midfielder,2026/27,0.0,0.0,0.0059,0.0088,0.2932,0.2932,0.0,0.0,2.6384,2.0521,1.759,4.6906,4.1042,0.5863
0,3,0.14,0.44,5,5,2,5,53,1,5,20,3,1,398,7,605374,Tete Morente,tete-morente,Elche,La Liga,Forward,2026/27,0.0,0.6784,0.0317,0.0995,1.1307,1.1307,0.4523,1.1307,11.9849,0.2261,1.1307,4.5226,0.6784,0.2261
0,1,0.43,0.4,4,3,1,1,54,6,7,32,23,14,630,7,855831,Víctor Chust,victor-chust,Elche,La Liga,Defender,2026/27,0.0,0.1429,0.0614,0.0571,0.5714,0.4286,0.1429,0.1429,7.7143,0.8571,1.0,4.5714,3.2857,2.0
0,0,0.04,0.06,2,0,0,0,23,3,3,15,25,10,375,6,1129360,Clemens Riedel,clemens-riedel,Espanyol,La Liga,Defender,2026/27,0.0,0.0,0.0096,0.0144,0.48,0.0,0.0,0.0,5.52,0.72,0.72,3.6,6.0,2.4
0,0,1.03,1.53,16,16,2,11,100,9,2,34,11,7,558,7,877262,Edu Expósito,edu-exposito,Espanyol,La Liga,Midfielder,2026/27,0.0,0.0,0.1661,0.2468,2.5806,2.5806,0.3226,1.7742,16.129,1.4516,0.3226,5.4839,1.7742,1.129
0,4,0.76,1.03,11,13,5,6,49,4,1,21,1,0,561,7,1514913,Javier Hernández,hernandez-javier,Espanyol,La Liga,Midfielder,2026/27,0.0,0.6417,0.1219,0.1652,1.7647,2.0856,0.8021,0.9626,7.861,0.6417,0.1604,3.369,0.1604,0.0
0,0,0.18,0.2,2,0,0,0,26,1,4,8,34,15,360,4,81992,Leandro Cabrera,leandro-cabrera,Espanyol,La Liga,Defender,2026/27,0.0,0.0,0.045,0.05,0.5,0.0,0.0,0.0,6.5,0.25,1.0,2.0,8.5,3.75
0,1,0.0,0.93,0,3,1,3,28,6,6,12,27,10,525,6,1064026,Omar El Hilali,omar-el-hilali,Espanyol,La Liga,Defender,2026/27,0.0,0.1714,0.0,0.1594,0.0,0.5143,0.1714,0.5143,4.8,1.0286,1.0286,2.0571,4.6286,1.7143
6,0,3.38,0.36,16,4,0,2,16,2,1,8,8,15,613,7,1392592,Roberto Fernández,roberto-fernandez,Espanyol,La Liga,Forward,2026/27,0.8809,0.0,0.4962,0.0529,2.3491,0.5873,0.0,0.2936,2.3491,0.2936,0.1468,1.1746,1.1746,2.2023
0,0,0.06,0.29,1,2,0,1,55,12,5,25,19,7,536,7,2065347,Roger Hinojo,roger-hinojo,Espanyol,La Liga,Defender,2026/27,0.0,0.0,0.0101,0.0487,0.1679,0.3358,0.0,0.1679,9.2351,2.0149,0.8396,4.1978,3.1903,1.1754
1,0,0.35,0.53,6,2,0,5,36,3,6,29,3,1,433,6,1063015,Tyrhys Dolan,tyrhys-dolan,Espanyol,La Liga,Midfielder,2026/27,0.2079,0.0,0.0727,0.1102,1.2471,0.4157,0.0,1.0393,7.4827,0.6236,1.2471,6.0277,0.6236,0.2079
0,0,0.08,0.45,2,3,0,1,29,5,7,21,26,10,423,5,892521,Unai Núñez,unai-nunez,Espanyol,La Liga,Defender,2026/27,0.0,0.0,0.017,0.0957,0.4255,0.6383,0.0,0.2128,6.1702,1.0638,1.4894,4.4681,5.5319,2.1277
0,0,0.01,0.11,1,1,0,1,36,3,5,15,10,3,442,7,1064009,Urko González,urko-gonzalez,Espanyol,La Liga,Midfielder,2026/27,0.0,0.0,0.002,0.0224,0.2036,0.2036,0.0,0.2036,7.3303,0.6109,1.0181,3.0543,2.0362,0.6109
1,0,0.86,0.31,11,3,0,5,36,7,2,14,4,6,388,7,1136863,Álex Calatrava,alex-calatrava,Espanyol,La Liga,Midfielder,2026/27,0.232,0.0,0.1995,0.0719,2.5515,0.6959,0.0,1.1598,8.3505,1.6237,0.4639,3.2474,0.9278,1.3918
0,1,0.54,0.23,4,1,0,0,26,2,7,19,21,12,402,6,186795,Andreas Christensen,andreas-christensen,FC Barcelona,La Liga,Defender,2026/27,0.0,0.2239,0.1209,0.0515,0.8955,0.2239,0.0,0.0,5.8209,0.4478,1.5672,4.2537,4.7015,2.6866
0,4,2.12,0.94,12,7,3,12,49,2,0,9,2,1,397,6,914902,Anthony Gordon,anthony-gordon,FC Barcelona,La Liga,Forward,2026/27,0.0,0.9068,0.4806,0.2131,2.7204,1.5869,0.6801,2.7204,11.1083,0.4534,0.0,2.0403,0.4534,0.2267
0,0,0.15,0.53,4,5,1,2,90,10,5,26,16,5,469,6,876214,Eric García,eric-garcia,FC Barcelona,La Liga,Defender,2026/27,0.0,0.0,0.0288,0.1017,0.7676,0.9595,0.1919,0.3838,17.2708,1.919,0.9595,4.9893,3.0704,0.9595
4,2,2.74,0.82,11,11,3,8,67,4,2,12,2,4,447,6,1153270,Fermín López,fermin-lopez,FC Barcelona,La Liga,Midfielder,2026/27,0.8054,0.4027,0.5517,0.1651,2.2148,2.2148,0.604,1.6107,13.4899,0.8054,0.4027,2.4161,0.4027,0.8054
0,0,0.1,0.1,1,0,0,1,57,2,7,10,28,7,436,6,1094827,Gerard Martín,gerard-martin,FC Barcelona,La Liga,Defender,2026/27,0.0,0.0,0.0206,0.0206,0.2064,0.0,0.0,0.2064,11.7661,0.4128,1.445,2.0642,5.7798,1.445
7,4,6.08,2.65,38,28,10,30,135,1,2,16,2,0,581,7,1402912,Lamine Yamal,lamine-yamal,FC Barcelona,La Liga,Midfielder,2026/27,1.0843,0.6196,0.9418,0.4105,5.8864,4.3373,1.5491,4.6472,20.9122,0.1549,0.3098,2.4785,0.3098,0.0
0,0,0.47,0.11,3,0,0,0,42,5,6,13,21,16,422,5,1402913,Pau Cubarsí,pau-cubarsi,FC Barcelona,La Liga,Defender,2026/27,0.0,0.0,0.1002,0.0235,0.6398,0.0,0.0,0.0,8.9573,1.0664,1.2796,2.7725,4.4787,3.4123
1,1,0.53,1.5,6,15,1,4,135,6,0,44,5,0,502,7,992587,Pedri,pedri,FC Barcelona,La Liga,Midfielder,2026/27,0.1793,0.1793,0.095,0.2689,1.0757,2.6892,0.1793,0.7171,24.2032,1.0757,0.0,7.8884,0.8964,0.0
12,3,8.84,1.49,25,14,4,12,61,2,0,7,2,1,555,7,831005,Raphinha,raphinha,FC Barcelona,La Liga,Midfielder,2026/27,1.9459,0.4865,1.4335,0.2416,4.0541,2.2703,0.6486,1.9459,9.8919,0.3243,0.0,1.1351,0.3243,0.1622
0,0,0.81,0.54,4,5,2,1,81,8,9,26,8,3,356,6,827606,Rodri,rodri,FC Barcelona,La Liga,Midfielder,2026/27,0.0,0.0,0.2048,0.1365,1.0112,1.264,0.5056,0.2528,20.4775,2.0225,2.2753,6.573,2.0225,0.7584
1,2,0.15,0.42,4,4,3,5,41,9,7,27,15,6,440,5,1546073,Xavi Espart,xavi-espart,FC Barcelona,La Liga,Defender,2026/27,0.2045,0.4091,0.0307,0.0859,0.8182,0.8182,0.6136,1.0227,8.3864,1.8409,1.4318,5.5227,3.0682,1.2273
0,0,0.21,0.2,6,5,0,6,30,8,3,22,10,0,472,6,1457536,Andrés García,andres-garcia,Getafe,La Liga,Defender,2026/27,0.0,0.0,0.04,0.0381,1.1441,0.9534,0.0,1.1441,5.7203,1.5254,0.572,4.1949,1.9068,0.0
0,0,0.0,0.11,0,1,0,1,19,5,9,38,29,7,596,7,307702,Djené,djene,Getafe,La Liga,Defender,2026/27,0.0,0.0,0.0,0.0166,0.0,0.151,0.0,0.151,2.8691,0.755,1.3591,5.7383,4.3792,1.057
1,0,1.34,0.12,10,4,0,0,29,5,0,10,4,19,540,7,336655,Enes Ünal,enes-unal,Getafe,La Liga,Forward,2026/27,0.1667,0.0,0.2233,0.02,1.6667,0.6667,0.0,0.0,4.8333,0.8333,0.0,1.6667,0.6667,3.1667
0,0,0.11,0.15,3,0,0,1,43,1,5,12,4,1,351,5,1000676,Francho Serrano,serrano-francho,Getafe,La Liga,Midfielder,2026/27,0.0,0.0,0.0282,0.0385,0.7692,0.0,0.0,0.2564,11.0256,0.2564,1.2821,3.0769,1.0256,0.2564
0,0,0.15,0.58,5,8,0,3,31,6,3,24,21,5,495,6,344847,Johan Mojica,johan-mojica,Getafe,La Liga,Defender,2026/27,0.0,0.0,0.0273,0.1055,0.9091,1.4545,0.0,0.5455,5.6364,1.0909,0.5455,4.3636,3.8182,0.9091
0,0,0.31,0.08,6,1,0,0,23,1,3,12,6,5,333,4,1154549,Mario Martín,martin-mario,Getafe,La Liga,Midfielder,2026/27,0.0,0.0,0.0838,0.0216,1.6216,0.2703,0.0,0.0,6.2162,0.2703,0.8108,3.2432,1.6216,1.3514
1,1,0.77,0.28,14,6,1,9,32,1,2,16,7,13,544,7,973536,Martín Satriano,martin-satriano,Getafe,La Liga,Forward,2026/27,0.1654,0.1654,0.1274,0.0463,2.3162,0.9926,0.1654,1.489,5.2941,0.1654,0.3309,2.6471,1.1581,2.1507
0,0,0.13,0.25,5,2,1,1,13,3,5,7,11,8,374,5,68332,Nemanja Gudelj,nemanja-gudelj,Getafe,La Liga,Midfielder,2026/27,0.0,0.0,0.0313,0.0602,1.2032,0.4813,0.2406,0.2406,3.1283,0.7219,1.2032,1.6845,2.6471,1.9251
0,0,0.17,0.1,3,2,0,3,38,2,14,18,6,3,554,7,793988,Orel Mangala,orel-mangala,Getafe,La Liga,Midfielder,2026/27,0.0,0.0,0.0276,0.0162,0.4874,0.3249,0.0,0.4874,6.1733,0.3249,2.2744,2.9242,0.9747,0.4874
1,0,0.99,1.09,17,10,0,11,55,2,3,26,9,8,532,6,1088565,Ramón Terrats,ramon-terrats,Getafe,La Liga,Midfielder,2026/27,0.1692,0.0,0.1675,0.1844,2.8759,1.6917,0.0,1.8609,9.3045,0.3383,0.5075,4.3985,1.5226,1.3534
0,0,0.04,0.1,1,1,0,9,29,5,12,38,32,8,517,6,1108450,Zaid Romero,zaid-romero,Getafe,La Liga,Defender,2026/27,0.0,0.0,0.007,0.0174,0.1741,0.1741,0.0,1.5667,5.0484,0.8704,2.089,6.6151,5.5706,1.3926
1,0,0.46,0.95,7,2,1,1,42,3,8,23,29,5,521,6,997244,Adrián de la Fuente,adrian-de-la-fuente,Levante UD,La Liga,Defender,2026/27,0.1727,0.0,0.0795,0.1641,1.2092,0.3455,0.1727,0.1727,7.2553,0.5182,1.382,3.9731,5.0096,0.8637
0,0,0.05,0.05,1,2,1,2,15,6,8,17,32,11,513,6,122810,Aïssa Mandi,aissa-mandi,Levante UD,La Liga,Defender,2026/27,0.0,0.0,0.0088,0.0088,0.1754,0.3509,0.1754,0.3509,2.6316,1.0526,1.4035,2.9825,5.614,1.9298
1,1,0.06,0.52,2,8,1,2,26,5,4,12,0,1,380,6,996974,Enzo Bardeli,bardeli-enzo,Levante UD,La Liga,Midfielder,2026/27,0.2368,0.2368,0.0142,0.1232,0.4737,1.8947,0.2368,0.4737,6.1579,1.1842,0.9474,2.8421,0.0,0.2368
2,0,3.07,0.17,16,3,1,5,17,2,0,13,2,8,379,6,1014042,Iván Romero,ivan-romero,Levante UD,La Liga,Forward,2026/27,0.4749,0.0,0.729,0.0404,3.7995,0.7124,0.2375,1.1873,4.0369,0.4749,0.0,3.0871,0.4749,1.8997
1,1,0.62,0.76,6,10,3,4,42,8,5,20,4,5,505,6,1010383,Jon Ander Olasagasti,jon-ander-olasagasti,Levante UD,La Liga,Midfielder,2026/27,0.1782,0.1782,0.1105,0.1354,1.0693,1.7822,0.5347,0.7129,7.4851,1.4257,0.8911,3.5644,0.7129,0.8911
0,0,0.01,0.11,1,1,0,3,30,18,6,21,17,4,521,6,984789,Manuel Sánchez,manuel-sanchez,Levante UD,La Liga,Defender,2026/27,0.0,0.0,0.0017,0.019,0.1727,0.1727,0.0,0.5182,5.1823,3.1094,1.0365,3.6276,2.9367,0.691
0,0,0.02,0.09,1,1,0,0,38,4,3,23,12,5,473,6,859769,Oriol Rey,oriol-rey,Levante UD,La Liga,Midfielder,2026/27,0.0,0.0,0.0038,0.0171,0.1903,0.1903,0.0,0.0,7.2304,0.7611,0.5708,4.3763,2.2833,0.9514
3,0,2.77,0.25,13,2,0,1,16,5,1,16,3,6,444,5,909554,Roger Brugué,roger-brugue,Levante UD,La Liga,Midfielder,2026/27,0.6081,0.0,0.5615,0.0507,2.6351,0.4054,0.0,0.2027,3.2432,1.0135,0.2027,3.2432,0.6081,1.2162
1,0,0.33,0.31,4,5,0,4,63,8,4,25,3,2,467,6,997221,Carlos Dotor,carlos-dotor,Málaga CF,La Liga,Midfielder,2026/27,0.1927,0.0,0.0636,0.0597,0.7709,0.9636,0.0,0.7709,12.1413,1.5418,0.7709,4.818,0.5782,0.3854
0,0,0.02,0.12,1,2,0,13,36,9,6,12,12,2,343,6,1164708,Carlos Puga,carlos-puga,Málaga CF,La Liga,Defender,2026/27,0.0,0.0,0.0052,0.0315,0.2624,0.5248,0.0,3.4111,9.4461,2.3615,1.5743,3.1487,3.1487,0.5248
1,0,3.03,0.12,15,3,0,2,28,4,1,6,9,11,563,7,1913386,Chupete,chupete,Málaga CF,La Liga,Forward,2026/27,0.1599,0.0,0.4844,0.0192,2.3979,0.4796,0.0,0.3197,4.476,0.6394,0.1599,0.9591,1.4387,1.7584
0,0,0.23,0.21,2,4,0,11,57,4,4,26,3,0,411,6,1465424,Dani Lorenzo,dani-lorenzo,Málaga CF,La Liga,Midfielder,2026/27,0.0,0.0,0.0504,0.046,0.438,0.8759,0.0,2.4088,12.4818,0.8759,0.8759,5.6934,0.6569,0.0
0,0,0.63,0.55,12,10,0,16,72,10,6,27,1,1,574,7,1002405,David Larrubia,david-larrubia,Málaga CF,La Liga,Midfielder,2026/27,0.0,0.0,0.0988,0.0862,1.8815,1.5679,0.0,2.5087,11.2892,1.5679,0.9408,4.2334,0.1568,0.1568
0,0,0.0,0.03,0,0,0,5,10,5,7,13,25,1,469,6,344797,Einar Galilea,einar-galilea,Málaga CF,La Liga,Defender,2026/27,0.0,0.0,0.0,0.0058,0.0,0.0,0.0,0.9595,1.919,0.9595,1.3433,2.4947,4.7974,0.1919
0,0,0.05,0.11,1,3,0,0,44,3,3,12,5,0,421,6,1493488,Izan Merino,izan-merino,Málaga CF,La Liga,Midfielder,2026/27,0.0,0.0,0.0107,0.0235,0.2138,0.6413,0.0,0.0,9.4062,0.6413,0.6413,2.5653,1.0689,0.0
0,0,0.16,0.28,5,4,0,6,33,3,1,15,1,0,389,7,904964,Joaquín Muñoz,joaquin-munoz,Málaga CF,La Liga,Midfielder,2026/27,0.0,0.0,0.037,0.0648,1.1568,0.9254,0.0,1.3882,7.635,0.6941,0.2314,3.4704,0.2314,0.0
0,0,0.02,0.04,1,1,0,2,24,5,4,10,8,4,360,6,1068891,Jose Salinas,jose-salinas,Málaga CF,La Liga,Defender,2026/27,0.0,0.0,0.005,0.01,0.25,0.25,0.0,0.5,6.0,1.25,1.0,2.5,2.0,1.0
0,1,0.11,0.47,4,8,0,0,31,2,4,12,4,2,307,5,927066,Pablo Martínez,pablo-martinez,Málaga CF,La Liga,Midfielder,2026/27,0.0,0.2932,0.0322,0.1378,1.1726,2.3453,0.0,0.0,9.0879,0.5863,1.1726,3.5179,1.1726,0.5863
0,0,0.03,0.1,1,1,0,10,60,6,8,28,17,3,562,7,1595666,Rafa Garrido,rafa-garrido,Málaga CF,La Liga,Defender,2026/27,0.0,0.0,0.0048,0.016,0.1601,0.1601,0.0,1.6014,9.6085,0.9609,1.2811,4.484,2.7224,0.4804
0,0,0.11,0.06,4,1,0,1,28,6,6,25,24,5,630,7,1123218,Ángel Recio,angel-recio,Málaga CF,La Liga,Defender,2026/27,0.0,0.0,0.0157,0.0086,0.5714,0.1429,0.0,0.1429,4.0,0.8571,0.8571,3.5714,3.4286,0.7143
0,0,0.03,0.39,2,3,2,2,47,11,4,29,11,7,529,7,1010165,Abel Bretones,abel-bretones,Osasuna,La Liga,Defender,2026/27,0.0,0.0,0.0051,0.0664,0.3403,0.5104,0.3403,0.3403,7.9962,1.8715,0.6805,4.9338,1.8715,1.1909
0,0,0.0,0.12,0,1,0,2,43,3,4,22,33,16,540,6,900792,Alejandro Catena,alejandro-catena,Osasuna,La Liga,Defender,2026/27,0.0,0.0,0.0,0.02,0.0,0.1667,0.0,0.3333,7.1667,0.5,0.6667,3.6667,5.5,2.6667
5,0,4.39,0.18,18,2,0,4,16,5,0,8,5,21,502,7,37318,Ante Budimir,ante-budimir,Osasuna,La Liga,Forward,2026/27,0.8964,0.0,0.7871,0.0323,3.2271,0.3586,0.0,0.7171,2.8685,0.8964,0.0,1.4343,0.8964,3.7649
0,0,0.09,0.16,2,3,0,3,50,1,7,9,13,10,476,6,1119586,Iker Muñoz,iker-munoz,Osasuna,La Liga,Midfielder,2026/27,0.0,0.0,0.017,0.0303,0.3782,0.5672,0.0,0.5672,9.4538,0.1891,1.3235,1.7017,2.458,1.8908
0,0,0.08,0.25,3,2,1,7,16,8,3,15,7,0,566,7,1495856,Iñigo Arguibide,inigo-arguibide,Osasuna,La Liga,Defender,2026/27,0.0,0.0,0.0127,0.0398,0.477,0.318,0.159,1.1131,2.5442,1.2721,0.477,2.3852,1.1131,0.0
0,0,0.09,0.24,2,1,0,1,42,9,6,17,5,2,493,7,976141,Jon Moncayola,jon-moncayola,Osasuna,La Liga,Midfielder,2026/27,0.0,0.0,0.0164,0.0438,0.3651,0.1826,0.0,0.1826,7.6673,1.643,1.0953,3.1034,0.9128,0.3651
0,1,0.94,0.1,11,2,1,3,23,0,0,13,3,8,357,7,997280,Raúl García de Haro,raul-garcia-de-haro,Osasuna,La Liga,Forward,2026/27,0.0,0.2521,0.237,0.0252,2.7731,0.5042,0.2521,0.7563,5.7983,0.0,0.0,3.2773,0.7563,2.0168
0,0,0.38,1.02,6,7,1,2,26,9,2,16,10,6,369,7,260031,Rubén García,ruben-garcia,Osasuna,La Liga,Midfielder,2026/27,0.0,0.0,0.0927,0.2488,1.4634,1.7073,0.2439,0.4878,6.3415,2.1951,0.4878,3.9024,2.439,1.4634
1,1,0.14,0.92,4,9,3,6,29,5,2,12,10,3,398,5,928672,Adrià Pedrosa,adria-pedrosa,Rayo Vallecano,La Liga,Defender,2026/27,0.2261,0.2261,0.0317,0.208,0.9045,2.0352,0.6784,1.3568,6.5578,1.1307,0.4523,2.7136,2.2613,0.6784
1,0,0.58,0.25,7,4,1,9,59,6,7,28,13,4,540,6,965031,Andrei Rațiu,andrei-ratiu,Rayo Vallecano,La Liga,Defender,2026/27,0.1667,0.0,0.0967,0.0417,1.1667,0.6667,0.1667,1.5,9.8333,1.0,1.1667,4.6667,2.1667,0.6667
0,0,0.41,0.08,13,1,0,2,27,5,11,28,44,12,630,7,88528,Florian Lejeune,florian-lejeune,Rayo Vallecano,La Liga,Defender,2026/27,0.0,0.0,0.0586,0.0114,1.8571,0.1429,0.0,0.2857,3.8571,0.7143,1.5714,4.0,6.2857,1.7143
0,1,0.12,0.16,2,3,0,7,18,7,0,13,2,3,373,5,900003,Jorge de Frutos,jorge-de-frutos,Rayo Vallecano,La Liga,Forward,2026/27,0.0,0.2413,0.029,0.0386,0.4826,0.7239,0.0,1.689,4.3432,1.689,0.0,3.1367,0.4826,0.7239
0,0,0.39,0.08,3,2,0,2,34,7,16,37,39,13,630,7,913679,Pathé Ismaël Ciss,ismaila-ciss,Rayo Vallecano,La Liga,Midfielder,2026/27,0.0,0.0,0.0557,0.0114,0.4286,0.2857,0.0,0.2857,4.8571,1.0,2.2857,5.2857,5.5714,1.8571
0,0,0.53,0.23,12,10,0,4,42,3,1,16,1,0,322,6,900669,Pedro Díaz,pedro-diaz,Rayo Vallecano,La Liga,Midfielder,2026/27,0.0,0.0,0.1481,0.0643,3.354,2.795,0.0,1.118,11.7391,0.8385,0.2795,4.472,0.2795,0.0
7,1,2.53,0.47,19,8,0,5,38,4,0,18,1,2,470,7,910024,Sergio Camello,sergio-camello,Rayo Vallecano,La Liga,Forward,2026/27,1.3404,0.1915,0.4845,0.09,3.6383,1.5319,0.0,0.9574,7.2766,0.766,0.0,3.4468,0.1915,0.383
0,3,0.26,1.14,5,16,3,4,69,9,4,24,5,4,556,7,588566,Unai López,unai-lopez,Rayo Vallecano,La Liga,Midfielder,2026/27,0.0,0.4856,0.0421,0.1845,0.8094,2.5899,0.4856,0.6475,11.1691,1.4568,0.6475,3.8849,0.8094,0.6475
2,2,1.89,0.54,11,3,2,3,26,5,7,22,9,3,530,7,345111,Álvaro García,alvaro-garcia,Rayo Vallecano,La Liga,Midfielder,2026/27,0.3396,0.3396,0.3209,0.0917,1.8679,0.5094,0.3396,0.5094,4.4151,0.8491,1.1887,3.7358,1.5283,0.5094
0,0,0.0,0.06,0,2,0,1,25,6,6,18,18,7,372,7,900008,Óscar Valentín,oscar-valentin,Rayo Vallecano,La Liga,Midfielder,2026/27,0.0,0.0,0.0,0.0145,0.0,0.4839,0.0,0.2419,6.0484,1.4516,1.4516,4.3548,4.3548,1.6935
0,0,2.14,1.12,32,8,1,10,125,4,5,24,2,4,522,7,958380,Antony,antony,Real Betis,La Liga,Midfielder,2026/27,0.0,0.0,0.369,0.1931,5.5172,1.3793,0.1724,1.7241,21.5517,0.6897,0.8621,4.1379,0.3448,0.6897
2,1,2.25,0.32,12,5,2,5,39,1,1,13,4,9,444,7,887055,Cucho Hernández,cucho-hernandez,Real Betis,La Liga,Forward,2026/27,0.4054,0.2027,0.4561,0.0649,2.4324,1.0135,0.4054,1.0135,7.9054,0.2027,0.2027,2.6351,0.8108,1.8243
0,0,0.21,0.08,6,1,0,2,30,4,8,23,11,5,418,7,1177404,Facundo Bernal,facundo-bernal,Real Betis,La Liga,Midfielder,2026/27,0.0,0.0,0.0452,0.0172,1.2919,0.2153,0.0,0.4306,6.4593,0.8612,1.7225,4.9522,2.3684,1.0766
0,1,0.0,0.34,0,5,1,2,54,7,7,26,8,3,481,6,851271,Fran García,fran-garcia,Real Betis,La Liga,Defender,2026/27,0.0,0.1871,0.0,0.0636,0.0,0.9356,0.1871,0.3742,10.104,1.3098,1.3098,4.8649,1.4969,0.5613
0,0,0.5,0.76,3,9,1,1,53,9,5,22,14,3,514,7,188365,Héctor Bellerín,hector-bellerin,Real Betis,La Liga,Defender,2026/27,0.0,0.0,0.0875,0.1331,0.5253,1.5759,0.1751,0.1751,9.2802,1.5759,0.8755,3.8521,2.4514,0.5253
0,0,0.91,0.75,11,15,0,3,68,0,4,14,1,1,327,7,103417,Isco,isco,Real Betis,La Liga,Midfielder,2026/27,0.0,0.0,0.2505,0.2064,3.0275,4.1284,0.0,0.8257,18.7156,0.0,1.1009,3.8532,0.2752,0.2752
1,0,0.24,0.03,5,1,0,1,17,8,4,11,30,10,333,5,99519,Marc Bartra,marc-bartra,Real Betis,La Liga,Defender,2026/27,0.2703,0.0,0.0649,0.0081,1.3514,0.2703,0.0,0.2703,4.5946,2.1622,1.0811,2.973,8.1081,2.7027
0,1,0.11,0.68,3,4,2,1,44,7,6,36,7,4,416,5,847128,Marc Roca,marc-roca,Real Betis,La Liga,Midfielder,2026/27,0.0,0.2163,0.0238,0.1471,0.649,0.8654,0.4327,0.2163,9.5192,1.5144,1.2981,7.7885,1.5144,0.8654
1,0,0.34,0.08,3,3,0,2,31,9,1,21,49,12,540,6,1015287,Natan,natan,Real Betis,La Liga,Defender,2026/27,0.1667,0.0,0.0567,0.0133,0.5,0.5,0.0,0.3333,5.1667,1.5,0.1667,3.5,8.1667,2.0
0,1,0.59,0.35,14,5,1,7,59,6,4,26,10,8,319,7,1129401,Nelson Deossa,nelson-deossa,Real Betis,La Liga,Midfielder,2026/27,0.0,0.2821,0.1665,0.0987,3.9498,1.4107,0.2821,1.9749,16.6458,1.6928,1.1285,7.3354,2.8213,2.2571
0,0,0.41,0.56,9,12,0,4,82,2,5,40,1,2,455,6,816763,Pablo Fornals,pablo-fornals,Real Betis,La Liga,Midfielder,2026/27,0.0,0.0,0.0811,0.1108,1.7802,2.3736,0.0,0.7912,16.2198,0.3956,0.989,7.9121,0.1978,0.3956
2,0,1.13,0.32,7,6,1,7,41,1,6,9,3,1,308,7,989113,Rodrigo Riquelme,rodrigo-riquelme,Real Betis,La Liga,Midfielder,2026/27,0.5844,0.0,0.3302,0.0935,2.0455,1.7532,0.2922,2.0455,11.9805,0.2922,1.7532,2.6299,0.8766,0.2922
1,2,2.03,3.04,11,28,8,8,89,4,1,23,2,2,353,7,1091116,Arda Güler,arda-guler,Real Madrid,La Liga,Midfielder,2026/27,0.255,0.5099,0.5176,0.7751,2.8045,7.1388,2.0397,2.0397,22.6912,1.0198,0.255,5.864,0.5099,0.5099
0,0,0.64,0.27,6,2,0,0,45,5,9,17,29,10,502,6,1176744,Dean Huijsen,dean-huijsen,Real Madrid,La Liga,Defender,2026/27,0.0,0.0,0.1147,0.0484,1.0757,0.3586,0.0,0.0,8.0677,0.8964,1.6135,3.0478,5.1992,1.7928
0,0,0.35,0.17,6,4,0,0,35,7,3,9,6,4,415,6,759520,Denzel Dumfries,denzel-dumfries,Real Madrid,La Liga,Midfielder,2026/27,0.0,0.0,0.0759,0.0369,1.3012,0.8675,0.0,0.0,7.5904,1.5181,0.6506,1.9518,1.3012,0.8675
0,1,0.29,0.39,6,5,0,3,103,7,5,23,9,5,564,7,831808,Federico Valverde,federico-valverde,Real Madrid,La Liga,Midfielder,2026/27,0.0,0.1596,0.0463,0.0622,0.9574,0.7979,0.0,0.4787,16.4362,1.117,0.7979,3.6702,1.4362,0.7979
0,0,0.37,0.06,4,2,0,0,27,3,3,26,19,11,540,6,826215,Ibrahima Konaté,ibrahima-konate,Real Madrid,La Liga,Defender,2026/27,0.0,0.0,0.0617,0.01,0.6667,0.3333,0.0,0.0,4.5,0.5,0.5,4.3333,3.1667,1.8333
3,2,1.26,1.45,16,17,4,20,88,9,3,28,4,3,529,7,991011,Jude Bellingham,jude-bellingham,Real Madrid,La Liga,Midfielder,2026/27,0.5104,0.3403,0.2144,0.2467,2.7221,2.8922,0.6805,3.4026,14.9716,1.5312,0.5104,4.7637,0.6805,0.5104
7,2,7.87,2.05,41,11,3,25,118,2,1,12,0,1,630,7,826643,Kylian Mbappé,kylian-mbappe,Real Madrid,La Liga,Forward,2026/27,1.0,0.2857,1.1243,0.2929,5.8571,1.5714,0.4286,3.5714,16.8571,0.2857,0.1429,1.7143,0.0,0.1429
0,0,0.0,0.15,0,2,0,0,52,6,3,22,9,4,430,7,794939,Marc Cucurella,marc-cucurella,Real Madrid,La Liga,Defender,2026/27,0.0,0.0,0.0,0.0314,0.0,0.4186,0.0,0.0,10.8837,1.2558,0.6279,4.6047,1.8837,0.8372
1,3,3.01,1.74,22,13,3,12,78,4,0,20,0,0,565,7,868812,Vinícius Júnior,vinicius-junior,Real Madrid,La Liga,Forward,2026/27,0.1593,0.4779,0.4795,0.2772,3.5044,2.0708,0.4779,1.9115,12.4248,0.6372,0.0,3.1858,0.0,0.0
0,0,0.17,0.17,2,1,0,1,33,8,5,20,21,6,512,6,1010792,Alvaro Mantilla,alvaro-mantilla,Real Racing Club,La Liga,Defender,2026/27,0.0,0.0,0.0299,0.0299,0.3516,0.1758,0.0,0.1758,5.8008,1.4062,0.8789,3.5156,3.6914,1.0547
0,0,0.05,0.14,1,3,1,5,60,9,0,11,7,3,399,5,973699,Iván Martín,ivan-martin,Real Racing Club,La Liga,Midfielder,2026/27,0.0,0.0,0.0113,0.0316,0.2256,0.6767,0.2256,1.1278,13.5338,2.0301,0.0,2.4812,1.5789,0.6767
0,2,0.23,2.16,4,17,3,9,138,8,4,32,5,1,544,7,605674,Iñigo Vicente,inigo-vicente,Real Racing Club,La Liga,Midfielder,2026/27,0.0,0.3309,0.0381,0.3574,0.6618,2.8125,0.4963,1.489,22.8309,1.3235,0.6618,5.2941,0.8272,0.1654
0,1,0.27,1.01,2,3,1,3,43,10,9,28,30,13,548,7,1861680,Jorge Salinas,jorge-salinas,Real Racing Club,La Liga,Defender,2026/27,0.0,0.1642,0.0443,0.1659,0.3285,0.4927,0.1642,0.4927,7.062,1.6423,1.4781,4.5985,4.927,2.135
0,0,0.08,0.0,3,0,0,0,2,3,4,5,41,11,397,5,851268,Manu Hernando,manu-hernando,Real Racing Club,La Liga,Defender,2026/27,0.0,0.0,0.0181,0.0,0.6801,0.0,0.0,0.0,0.4534,0.6801,0.9068,1.1335,9.2947,2.4937
0,0,0.03,0.05,2,1,0,2,20,9,7,23,28,9,382,5,962381,Pablo Ramón,pablo-ramon,Real Racing Club,La Liga,Defender,2026/27,0.0,0.0,0.0071,0.0118,0.4712,0.2356,0.0,0.4712,4.712,2.1204,1.6492,5.4188,6.5969,2.1204
1,0,0.85,0.34,13,2,0,6,59,5,2,23,2,2,507,7,41560,Sergio Canales,sergio-canales,Real Racing Club,La Liga,Midfielder,2026/27,0.1775,0.0,0.1509,0.0604,2.3077,0.355,0.0,1.0651,10.4734,0.8876,0.355,4.0828,0.355,0.355
6,0,3.52,0.11,14,2,0,4,23,4,1,1,3,1,386,7,1606013,Yassir Zabiri,yassir-zabiri,Real Racing Club,La Liga,Forward,2026/27,1.399,0.0,0.8207,0.0256,3.2642,0.4663,0.0,0.9326,5.3627,0.9326,0.2332,0.2332,0.6995,0.2332
2,0,0.55,0.09,8,1,0,10,27,2,1,13,2,0,317,6,966862,Ander Barrenetxea,ander-barrenetxea,Real Sociedad,La Liga,Midfielder,2026/27,0.5678,0.0,0.1562,0.0256,2.2713,0.2839,0.0,2.8391,7.6656,0.5678,0.2839,3.6909,0.5678,0.0
1,2,1.04,0.68,5,11,2,3,57,3,2,33,4,1,470,7,832427,Carlos Soler,carlos-soler,Real Sociedad,La Liga,Midfielder,2026/27,0.1915,0.383,0.1991,0.1302,0.9574,2.1064,0.383,0.5745,10.9149,0.5745,0.383,6.3191,0.766,0.1915
0,0,0.0,0.07,0,2,0,0,16,8,7,10,16,7,393,5,838159,Igor Zubeldia,igor-zubeldia,Real Sociedad,La Liga,Defender,2026/27,0.0,0.0,0.0,0.016,0.0,0.458,0.0,0.0,3.6641,1.8321,1.6031,2.2901,3.6641,1.6031
0,0,0.09,0.2,4,4,0,6,65,15,16,26,24,15,597,7,1116388,Jon Aramburu,jon-aramburu,Real Sociedad,La Liga,Defender,2026/27,0.0,0.0,0.0136,0.0302,0.603,0.603,0.0,0.9045,9.799,2.2613,2.4121,3.9196,3.6181,2.2613
0,0,0.27,0.06,3,1,0,0,8,4,3,17,23,14,456,6,1466116,Jon Martin,vicente-jon-martin,Real Sociedad,La Liga,Defender,2026/27,0.0,0.0,0.0533,0.0118,0.5921,0.1974,0.0,0.0,1.5789,0.7895,0.5921,3.3553,4.5395,2.7632
3,0,0.94,0.79,15,8,2,6,62,4,2,23,1,3,551,7,949156,Luka Sučić,luka-sucic,Real Sociedad,La Liga,Midfielder,2026/27,0.49,0.0,0.1535,0.129,2.4501,1.3067,0.3267,0.98,10.127,0.6534,0.3267,3.7568,0.1633,0.49
0,2,1.1,0.87,11,10,1,1,47,4,3,18,0,6,478,7,823622,Mikel Oyarzabal,mikel-oyarzabal,Real Sociedad,La Liga,Forward,2026/27,0.0,0.3766,0.2071,0.1638,2.0711,1.8828,0.1883,0.1883,8.8494,0.7531,0.5649,3.3891,0.0,1.1297
1,0,2.16,0.07,9,2,0,1,13,0,0,5,1,10,318,6,1026015,Orri Óskarsson,orri-steinn-oskarsson,Real Sociedad,La Liga,Forward,2026/27,0.283,0.0,0.6113,0.0198,2.5472,0.566,0.0,0.283,3.6792,0.0,0.0,1.4151,0.283,2.8302
0,0,0.17,0.49,4,8,1,6,60,9,5,39,16,4,591,7,855835,Sergio Gómez,sergio-gomez,Real Sociedad,La Liga,Defender,2026/27,0.0,0.0,0.0259,0.0746,0.6091,1.2183,0.1523,0.9137,9.1371,1.3706,0.7614,5.9391,2.4365,0.6091
1,0,0.15,0.08,4,1,1,2,42,5,1,17,3,5,403,7,839585,Yangel Herrera,yangel-herrera,Real Sociedad,La Liga,Midfielder,2026/27,0.2233,0.0,0.0335,0.0179,0.8933,0.2233,0.2233,0.4467,9.3797,1.1166,0.2233,3.7965,0.67,1.1166
0,0,0.18,0.06,2,3,0,1,23,2,6,22,28,8,480,6,1428699,Andrés Castrin,andres-castrin,Sevilla,La Liga,Defender,2026/27,0.0,0.0,0.0338,0.0112,0.375,0.5625,0.0,0.1875,4.3125,0.375,1.125,4.125,5.25,1.5
0,0,0.01,0.55,1,9,0,2,71,18,4,30,16,9,630,7,818986,Gabriel Suazo,gabriel-suazo,Sevilla,La Liga,Defender,2026/27,0.0,0.0,0.0014,0.0786,0.1429,1.2857,0.0,0.2857,10.1429,2.5714,0.5714,4.2857,2.2857,1.2857
1,0,0.93,0.08,4,3,1,2,33,4,1,19,3,6,361,7,788141,Jon Guridi,jon-guridi,Sevilla,La Liga,Midfielder,2026/27,0.2493,0.0,0.2319,0.0199,0.9972,0.7479,0.2493,0.4986,8.2271,0.9972,0.2493,4.7368,0.7479,1.4958
1,0,0.42,0.36,4,3,0,7,45,11,5,19,24,7,630,7,949707,Juan Iglesias,juan-iglesias,Sevilla,La Liga,Defender,2026/27,0.1429,0.0,0.06,0.0514,0.5714,0.4286,0.0,1.0,6.4286,1.5714,0.7143,2.7143,3.4286,1.0
0,0,0.17,0.29,6,2,0,0,28,4,2,22,27,17,448,5,1097719,Kike Salas,kike-salas,Sevilla,La Liga,Defender,2026/27,0.0,0.0,0.0342,0.0583,1.2054,0.4018,0.0,0.0,5.625,0.8036,0.4018,4.4196,5.4241,3.4152
0,0,0.1,0.54,5,2,1,4,75,16,12,41,17,3,630,7,960006,Lucien Agoumé,lucien-agoume,Sevilla,La Liga,Midfielder,2026/27,0.0,0.0,0.0143,0.0771,0.7143,0.2857,0.1429,0.5714,10.7143,2.2857,1.7143,5.8571,2.4286,0.4286
2,0,0.52,0.43,10,7,0,18,43,8,1,27,2,7,496,7,2509247,Miguel Sierra,miguel-angel-sierra-ortega,Sevilla,La Liga,Midfielder,2026/27,0.3629,0.0,0.0944,0.078,1.8145,1.2702,0.0,3.2661,7.8024,1.4516,0.1815,4.8992,0.3629,1.2702
0,1,0.41,0.12,6,4,0,1,23,0,0,9,0,4,397,7,1142351,Robbie Ure,robbie-ure,Sevilla,La Liga,Forward,2026/27,0.0,0.2267,0.0929,0.0272,1.3602,0.9068,0.0,0.2267,5.2141,0.0,0.0,2.0403,0.0,0.9068
0,0,1.4,0.99,15,7,0,10,34,1,1,7,1,1,526,7,827064,Arnaut Danjuma,arnaut-danjuma,Valencia,La Liga,Forward,2026/27,0.0,0.0,0.2395,0.1694,2.5665,1.1977,0.0,1.711,5.8175,0.1711,0.1711,1.1977,0.1711,0.1711
0,0,0.14,0.05,3,0,0,0,19,6,4,15,22,4,330,5,996928,César Tárrega,cesar-tarrega,Valencia,La Liga,Defender,2026/27,0.0,0.0,0.0382,0.0136,0.8182,0.0,0.0,0.0,5.1818,1.6364,1.0909,4.0909,6.0,1.0909
0,0,0.41,0.3,6,4,0,3,58,5,4,16,10,2,509,7,857482,Filip Ugrinić,filip-ugrinic,Valencia,La Liga,Midfielder,2026/27,0.0,0.0,0.0725,0.053,1.0609,0.7073,0.0,0.5305,10.2554,0.8841,0.7073,2.8291,1.7682,0.3536
0,0,0.07,0.06,2,2,0,2,29,10,6,21,7,7,317,4,609752,Guido Rodríguez,guido-rodriguez,Valencia,La Liga,Midfielder,2026/27,0.0,0.0,0.0199,0.017,0.5678,0.5678,0.0,0.5678,8.2334,2.8391,1.7035,5.9621,1.9874,1.9874
0,1,0.69,0.51,11,6,2,12,38,4,1,24,4,1,565,7,1122610,Javier Guerra,javier-guerra,Valencia,La Liga,Midfielder,2026/27,0.0,0.1593,0.1099,0.0812,1.7522,0.9558,0.3186,1.9115,6.0531,0.6372,0.1593,3.823,0.6372,0.1593
0,0,0.04,0.14,2,1,0,5,31,8,3,16,6,1,355,7,996929,Jesús Vázquez,jesus-vazquez,Valencia,La Liga,Defender,2026/27,0.0,0.0,0.0101,0.0355,0.507,0.2535,0.0,1.2676,7.8592,2.0282,0.7606,4.0563,1.5211,0.2535
0,0,0.01,0.06,1,2,0,3,16,10,1,19,12,1,360,5,227922,José Luis Gayà,jose-luis-gaya,Valencia,La Liga,Defender,2026/27,0.0,0.0,0.0025,0.015,0.25,0.5,0.0,0.75,4.0,2.5,0.25,4.75,3.0,0.25
0,0,0.06,0.09,2,2,1,5,26,2,6,14,9,4,330,6,788216,Pablo Maffeo,pablo-maffeo,Valencia,La Liga,Defender,2026/27,0.0,0.0,0.0164,0.0245,0.5455,0.5455,0.2727,1.3636,7.0909,0.5455,1.6364,3.8182,2.4545,1.0909
0,0,0.06,0.16,2,1,0,0,34,4,8,30,32,3,568,7,826948,Pepelu,pepelu,Valencia,La Liga,Midfielder,2026/27,0.0,0.0,0.0095,0.0254,0.3169,0.1585,0.0,0.0,5.3873,0.6338,1.2676,4.7535,5.0704,0.4754
2,3,1.59,2.08,10,16,4,5,106,4,0,10,1,0,410,7,1012444,Alberto Moleiro,alberto-moleiro,Villarreal,La Liga,Midfielder,2026/27,0.439,0.6585,0.349,0.4566,2.1951,3.5122,0.878,1.0976,23.2683,0.878,0.0,2.1951,0.2195,0.0
0,0,0.17,0.22,3,4,0,4,81,6,2,23,10,6,314,6,1184541,Alexander Freeman,alexander-freeman,Villarreal,La Liga,Defender,2026/27,0.0,0.0,0.0487,0.0631,0.8599,1.1465,0.0,1.1465,23.2166,1.7197,0.5732,6.5924,2.8662,1.7197
1,2,3.67,0.41,15,6,2,2,28,2,1,10,0,2,351,7,345195,Ayoze Pérez,ayoze-perez,Villarreal,La Liga,Forward,2026/27,0.2564,0.5128,0.941,0.1051,3.8462,1.5385,0.5128,0.5128,7.1795,0.5128,0.2564,2.5641,0.0,0.5128
0,0,0.18,0.27,4,2,0,6,66,5,2,27,7,3,387,5,1396048,Carlos Romero,carlos-romero,Villarreal,La Liga,Defender,2026/27,0.0,0.0,0.0419,0.0628,0.9302,0.4651,0.0,1.3953,15.3488,1.1628,0.4651,6.2791,1.6279,0.6977
2,1,4.01,1.41,19,7,2,13,66,0,1,10,2,0,419,7,1009372,Georges Mikautadze,georges-mikautadze,Villarreal,La Liga,Forward,2026/27,0.4296,0.2148,0.8613,0.3029,4.0811,1.5036,0.4296,2.7924,14.1766,0.0,0.2148,2.148,0.4296,0.0
2,0,0.82,1.26,14,9,1,15,104,3,1,18,1,1,423,6,593526,Nicolas Pépé,nicolas-pepe,Villarreal,La Liga,Forward,2026/27,0.4255,0.0,0.1745,0.2681,2.9787,1.9149,0.2128,3.1915,22.1277,0.6383,0.2128,3.8298,0.2128,0.2128
3,0,1.29,0.58,6,8,0,2,113,2,5,30,5,2,526,7,879694,Pape Gueye,pape-gueye,Villarreal,La Liga,Midfielder,2026/27,0.5133,0.0,0.2207,0.0992,1.0266,1.3688,0.0,0.3422,19.3346,0.3422,0.8555,5.1331,0.8555,0.3422
0,1,0.15,0.93,3,3,1,2,67,1,10,26,37,9,630,7,1087359,Renato Veiga,renato-veiga,Villarreal,La Liga,Defender,2026/27,0.0,0.1429,0.0214,0.1329,0.4286,0.4286,0.1429,0.2857,9.5714,0.1429,1.4286,3.7143,5.2857,1.2857
0,0,0.57,0.7,1,4,0,2,71,5,8,16,6,0,357,6,843678,Santi Comesaña,santi-comesana,Villarreal,La Liga,Midfielder,2026/27,0.0,0.0,0.1437,0.1765,0.2521,1.0084,0.0,0.5042,17.8992,1.2605,2.0168,4.0336,1.5126,0.0
0,0,0.17,0.54,2,3,1,2,50,9,1,25,11,6,337,6,1468046,Santiago Mouriño,santiago-mourino,Villarreal,La Liga,Defender,2026/27,0.0,0.0,0.0454,0.1442,0.5341,0.8012,0.2671,0.5341,13.3531,2.4036,0.2671,6.6766,2.9377,1.6024
0,0,1.14,0.83,11,8,1,4,62,6,2,19,3,2,378,7,973290,Tajon Buchanan,tajon-buchanan,Villarreal,La Liga,Midfielder,2026/27,0.0,0.0,0.2714,0.1976,2.619,1.9048,0.2381,0.9524,14.7619,1.4286,0.4762,4.5238,0.7143,0.4762
0,1,0.18,0.29,1,3,0,2,57,4,3,9,9,6,315,4,846036,Ben White,ben-white,Arsenal,Premier League,Defender,2026/27,0.0,0.2857,0.0514,0.0829,0.2857,0.8571,0.0,0.5714,16.2857,1.1429,0.8571,2.5714,2.5714,1.7143
3,0,3.21,0.98,15,7,0,7,73,6,3,17,5,2,418,5,934235,Bukayo Saka,bukayo-saka,Arsenal,Premier League,Forward,2026/27,0.6459,0.0,0.6911,0.211,3.2297,1.5072,0.0,1.5072,15.7177,1.2919,0.6459,3.6603,1.0766,0.4306
0,1,0.19,0.55,4,8,1,1,57,4,2,12,5,5,365,5,1031259,Christos Tzolis,christos-tzolis,Arsenal,Premier League,Midfielder,2026/27,0.0,0.2466,0.0468,0.1356,0.9863,1.9726,0.2466,0.2466,14.0548,0.9863,0.4932,2.9589,1.2329,1.2329
0,2,0.12,0.68,4,7,1,2,96,4,5,17,10,4,414,5,856714,Declan Rice,declan-rice,Arsenal,Premier League,Midfielder,2026/27,0.0,0.4348,0.0261,0.1478,0.8696,1.5217,0.2174,0.4348,20.8696,0.8696,1.087,3.6957,2.1739,0.8696
0,0,0.5,0.2,5,1,0,1,42,2,6,17,25,10,450,5,869792,Gabriel Magalhães,gabriel-magalhaes,Arsenal,Premier League,Defender,2026/27,0.0,0.0,0.1,0.04,1.0,0.2,0.0,0.2,8.4,0.4,1.2,3.4,5.0,2.0
2,0,1.67,0.37,10,5,0,1,48,0,3,7,3,14,438,5,836705,Kai Havertz,kai-havertz,Arsenal,Premier League,Forward,2026/27,0.411,0.0,0.3432,0.076,2.0548,1.0274,0.0,0.2055,9.863,0.0,0.6164,1.4384,0.6164,2.8767
2,0,1.07,1.31,7,12,3,2,86,4,1,12,4,0,382,5,547410,Martin Ødegaard,martin-degaard,Arsenal,Premier League,Midfielder,2026/27,0.4712,0.0,0.2521,0.3086,1.6492,2.8272,0.7068,0.4712,20.2618,0.9424,0.2356,2.8272,0.9424,0.0
0,2,0.66,0.62,7,4,1,0,40,1,1,13,10,9,418,5,957602,Riccardo Calafiori,riccardo-calafiori,Arsenal,Premier League,Defender,2026/27,0.0,0.4306,0.1421,0.1335,1.5072,0.8612,0.2153,0.0,8.6124,0.2153,0.2153,2.799,2.1531,1.9378
0,1,0.12,0.16,1,4,1,3,52,7,2,16,8,7,444,5,826204,Boubacar Kamara,boubacar-kamara,Aston Villa,Premier League,Midfielder,2026/27,0.0,0.2027,0.0243,0.0324,0.2027,0.8108,0.2027,0.6081,10.5405,1.4189,0.4054,3.2432,1.6216,1.4189
1,0,0.92,0.24,9,5,0,4,41,4,4,20,1,6,404,5,783126,Emiliano Buendía,emiliano-buendia,Aston Villa,Premier League,Midfielder,2026/27,0.2228,0.0,0.205,0.0535,2.005,1.1139,0.0,0.8911,9.1337,0.8911,0.8911,4.4554,0.2228,1.3366
0,0,0.28,0.45,5,1,0,1,32,2,7,10,10,1,330,4,976263,Ian Maatsen,ian-maatsen,Aston Villa,Premier League,Defender,2026/27,0.0,0.0,0.0764,0.1227,1.3636,0.2727,0.0,0.2727,8.7273,0.5455,1.9091,2.7273,2.7273,0.2727
0,2,0.76,0.24,4,6,1,2,39,2,5,17,3,1,436,5,250223,John McGinn,john-mcginn,Aston Villa,Premier League,Midfielder,2026/27,0.0,0.4128,0.1569,0.0495,0.8257,1.2385,0.2064,0.4128,8.0505,0.4128,1.0321,3.5092,0.6193,0.2064
0,0,0.38,0.14,7,6,0,4,49,4,0,16,4,3,320,5,98435,Ross Barkley,ross-barkley,Aston Villa,Premier League,Midfielder,2026/27,0.0,0.0,0.1069,0.0394,1.9687,1.6875,0.0,1.125,13.7813,1.125,0.0,4.5,1.125,0.8438
0,0,0.44,0.18,1,3,0,0,27,0,1,7,18,2,450,5,143334,Victor Lindelöf,victor-lindelof,Aston Villa,Premier League,Defender,2026/27,0.0,0.0,0.088,0.036,0.2,0.6,0.0,0.0,5.4,0.0,0.2,1.4,3.6,0.4
0,0,0.01,0.1,1,3,0,1,24,2,4,15,12,6,435,5,44566,Adam Smith,adam-smith,Bournemouth,Premier League,Defender,2026/27,0.0,0.0,0.0021,0.0207,0.2069,0.6207,0.0,0.2069,4.9655,0.4138,0.8276,3.1034,2.4828,1.2414
0,0,0.1,0.3,4,4,0,3,50,9,7,24,19,6,450,5,999028,Adrien Truffert,truffert-adrien,Bournemouth,Premier League,Defender,2026/27,0.0,0.0,0.02,0.06,0.8,0.8,0.0,0.6,10.0,1.8,1.4,4.8,3.8,1.2
1,0,0.63,0.42,7,11,0,4,56,5,8,36,7,3,446,5,1104986,Alex Scott,alex-scott,Bournemouth,Premier League,Midfielder,2026/27,0.2018,0.0,0.1271,0.0848,1.4126,2.2197,0.0,0.8072,11.3004,1.009,1.6143,7.2646,1.4126,0.6054
0,0,0.84,0.28,4,1,0,0,43,4,8,14,38,19,450,5,1006069,António Silva,antonio-silva,Bournemouth,Premier League,Defender,2026/27,0.0,0.0,0.168,0.056,0.8,0.2,0.0,0.0,8.6,0.8,1.6,2.8,7.6,3.8
0,3,0.87,0.52,8,6,3,2,22,2,5,13,6,10,425,5,998490,Evanilson,evanilson,Bournemouth,Premier League,Forward,2026/27,0.0,0.6353,0.1842,0.1101,1.6941,1.2706,0.6353,0.4235,4.6588,0.4235,1.0588,2.7529,1.2706,2.1176
0,0,0.0,0.79,0,6,2,0,27,5,6,11,31,16,450,5,1156586,James Hill,james-hill,Bournemouth,Premier League,Defender,2026/27,0.0,0.0,0.0,0.158,0.0,1.2,0.4,0.0,5.4,1.0,1.2,2.2,6.2,3.2
3,0,1.7,0.91,13,9,3,4,46,6,0,26,5,3,427,5,895576,Marcus Tavernier,marcus-tavernier,Bournemouth,Premier League,Midfielder,2026/27,0.6323,0.0,0.3583,0.1918,2.74,1.897,0.6323,0.8431,9.6956,1.2646,0.0,5.4801,1.0539,0.6323
0,0,0.86,0.43,12,3,1,2,26,3,2,4,4,15,438,5,1464966,Rayan,rayan,Bournemouth,Premier League,Midfielder,2026/27,0.0,0.0,0.1767,0.0884,2.4658,0.6164,0.2055,0.411,5.3425,0.6164,0.411,0.8219,0.8219,3.0822
1,0,3.13,0.17,13,2,0,3,31,2,0,12,2,15,443,5,1016907,Igor Thiago,igor-thiago,Brentford,Premier League,Forward,2026/27,0.2032,0.0,0.6359,0.0345,2.6411,0.4063,0.0,0.6095,6.298,0.4063,0.0,2.4379,0.4063,3.0474
1,1,1.2,0.79,9,7,1,3,44,3,4,15,11,4,409,5,972421,Keane Lewis-Potter,keane-lewis-potter,Brentford,Premier League,Defender,2026/27,0.22,0.22,0.2641,0.1738,1.9804,1.5403,0.22,0.6601,9.6822,0.6601,0.8802,3.3007,2.4205,0.8802
3,0,1.52,0.32,13,3,0,4,35,5,0,21,5,15,448,5,1006387,Kevin Schade,kevin-schade,Brentford,Premier League,Midfielder,2026/27,0.6027,0.0,0.3054,0.0643,2.6116,0.6027,0.0,0.8036,7.0312,1.0045,0.0,4.2188,1.0045,3.0134
0,0,0.12,0.08,2,3,0,0,23,1,7,11,37,20,450,5,576384,Kristoffer Ajer,kristoffer-ajer,Brentford,Premier League,Defender,2026/27,0.0,0.0,0.024,0.016,0.4,0.6,0.0,0.0,4.6,0.2,1.4,2.2,7.4,4.0
0,1,0.41,0.65,6,4,1,6,38,7,6,22,5,4,322,5,1064697,Mamadou Sangare,mamadou-sangare,Brentford,Premier League,Midfielder,2026/27,0.0,0.2795,0.1146,0.1817,1.677,1.118,0.2795,1.677,10.6211,1.9565,1.677,6.1491,1.3975,1.118
2,0,0.53,0.43,4,5,0,1,49,10,16,20,7,4,450,5,814873,Vitaly Janelt,vitaly-janelt,Brentford,Premier League,Midfielder,2026/27,0.4,0.0,0.106,0.086,0.8,1.0,0.0,0.2,9.8,2.0,3.2,4.0,1.4,0.8
2,1,1.35,0.07,13,2,0,5,23,1,0,18,5,8,356,5,1416535,Charalampos Kostoulas,kostoulas-charalampos,Brighton & Hove Albion,Premier League,Forward,2026/27,0.5056,0.2528,0.3413,0.0177,3.2865,0.5056,0.0,1.264,5.8146,0.2528,0.0,4.5506,1.264,2.0225
0,2,0.79,0.79,14,7,2,1,47,6,4,16,3,17,436,5,1065588,Diego Gómez,diego-gomez,Brighton & Hove Albion,Premier League,Midfielder,2026/27,0.0,0.4128,0.1631,0.1631,2.8899,1.445,0.4128,0.2064,9.7018,1.2385,0.8257,3.3028,0.6193,3.5092
0,0,0.12,0.13,4,4,0,1,47,1,1,8,7,0,334,4,825844,Ferdi Kadıoğlu,ferdi-kadioglu,Brighton & Hove Albion,Premier League,Defender,2026/27,0.0,0.0,0.0323,0.035,1.0778,1.0778,0.0,0.2695,12.6647,0.2695,0.2695,2.1557,1.8862,0.0
1,0,0.03,0.08,1,0,0,1,49,2,1,13,16,13,360,4,115365,Lewis Dunk,lewis-dunk,Brighton & Hove Albion,Premier League,Defender,2026/27,0.25,0.0,0.0075,0.02,0.25,0.0,0.0,0.25,12.25,0.5,0.25,3.25,4.0,3.25
1,0,0.46,0.07,8,0,0,1,41,4,3,17,31,16,438,5,1405212,Luka Vušković,luka-vuskovic,Brighton & Hove Albion,Premier League,Defender,2026/27,0.2055,0.0,0.0945,0.0144,1.6438,0.0,0.0,0.2055,8.4247,0.8219,0.6164,3.4932,6.3699,3.2877
1,2,1.55,0.67,7,12,3,2,70,5,2,18,6,0,425,5,997152,Maxim De Cuyper,maxim-de-cuyper,Brighton & Hove Albion,Premier League,Defender,2026/27,0.2118,0.4235,0.3282,0.1419,1.4824,2.5412,0.6353,0.4235,14.8235,1.0588,0.4235,3.8118,1.2706,0.0
0,0,0.07,0.52,3,7,2,0,72,4,7,17,17,8,437,5,788784,Olivier Boscagli,olivier-boscagli,Brighton & Hove Albion,Premier League,Defender,2026/27,0.0,0.0,0.0144,0.1071,0.6178,1.4416,0.4119,0.0,14.8284,0.8238,1.4416,3.5011,3.5011,1.6476
3,3,1.78,0.85,10,15,4,0,80,5,4,10,4,4,450,5,48480,Pascal Groß,pascal-gro,Brighton & Hove Albion,Premier League,Midfielder,2026/27,0.6,0.6,0.356,0.17,2.0,3.0,0.8,0.0,16.0,1.0,0.8,2.0,0.8,0.8
1,0,0.7,0.18,10,3,0,3,36,1,2,15,2,1,334,4,1036269,Yasin Ayari,yasin-ayari,Brighton & Hove Albion,Premier League,Midfielder,2026/27,0.2695,0.0,0.1886,0.0485,2.6946,0.8084,0.0,0.8084,9.7006,0.2695,0.5389,4.0419,0.5389,0.2695
2,2,1.32,0.79,17,11,4,9,64,2,1,19,1,1,443,5,982780,Cole Palmer,cole-palmer,Chelsea,Premier League,Midfielder,2026/27,0.4063,0.4063,0.2682,0.1605,3.4537,2.2348,0.8126,1.8284,13.0023,0.4063,0.2032,3.86,0.2032,0.2032
3,3,2.16,0.18,11,7,1,7,29,1,0,5,3,14,360,4,975079,João Pedro,joao-pedro,Chelsea,Premier League,Forward,2026/27,0.75,0.75,0.54,0.045,2.75,1.75,0.25,1.75,7.25,0.25,0.0,1.25,0.75,3.5
0,0,0.01,0.06,1,1,0,1,22,3,4,15,17,9,342,4,996911,Levi Colwill,levi-colwill,Chelsea,Premier League,Defender,2026/27,0.0,0.0,0.0026,0.0158,0.2632,0.2632,0.0,0.2632,5.7895,0.7895,1.0526,3.9474,4.4737,2.3684
0,1,0.15,0.22,2,1,1,0,10,6,6,8,26,12,371,5,879674,Maxence Lacroix,maxence-lacroix,Chelsea,Premier League,Defender,2026/27,0.0,0.2426,0.0364,0.0534,0.4852,0.2426,0.2426,0.0,2.4259,1.4555,1.4555,1.9407,6.3073,2.9111
3,1,1.71,1.24,15,11,2,9,58,2,0,23,3,8,439,5,948261,Morgan Rogers,morgan-rogers,Chelsea,Premier League,Midfielder,2026/27,0.615,0.205,0.3506,0.2542,3.0752,2.2551,0.41,1.8451,11.8907,0.41,0.0,4.7153,0.615,1.6401
1,0,0.67,0.58,7,5,1,7,48,4,5,14,3,2,336,5,879349,Pedro Neto,pedro-neto,Chelsea,Premier League,Midfielder,2026/27,0.2679,0.0,0.1795,0.1554,1.875,1.3393,0.2679,1.875,12.8571,1.0714,1.3393,3.75,0.8036,0.5357
0,0,0.0,0.08,0,2,0,1,34,5,10,11,27,9,315,4,923894,Wesley Fofana,wesley-fofana,Chelsea,Premier League,Defender,2026/27,0.0,0.0,0.0,0.0229,0.0,0.5714,0.0,0.2857,9.7143,1.4286,2.8571,3.1429,7.7143,2.5714
0,0,0.02,0.39,1,1,0,1,23,1,3,11,16,14,360,4,999276,Aurèle Amenda,aurele-amenda,Coventry City,Premier League,Defender,2026/27,0.0,0.0,0.005,0.0975,0.25,0.25,0.0,0.25,5.75,0.25,0.75,2.75,4.0,3.5
0,0,0.49,0.29,10,3,1,1,23,2,7,16,36,15,438,5,1033352,Bobby Thomas,bobby-thomas,Coventry City,Premier League,Defender,2026/27,0.0,0.0,0.1007,0.0596,2.0548,0.6164,0.2055,0.2055,4.726,0.411,1.4384,3.2877,7.3973,3.0822
0,0,0.03,0.02,1,0,0,0,11,2,6,14,3,3,316,4,885864,Frank Onyeka,frank-onyeka,Coventry City,Premier League,Midfielder,2026/27,0.0,0.0,0.0085,0.0057,0.2848,0.0,0.0,0.0,3.1329,0.5696,1.7089,3.9873,0.8544,0.8544
0,0,0.91,1.12,6,9,0,1,27,2,3,21,4,8,301,5,979565,Jack Rudoni,jack-rudoni,Coventry City,Premier League,Midfielder,2026/27,0.0,0.0,0.2721,0.3349,1.794,2.691,0.0,0.299,8.0731,0.598,0.897,6.2791,1.196,2.392
1,0,0.5,0.53,3,4,1,7,45,4,4,14,10,4,445,5,791985,Jay DaSilva,jay-dasilva,Coventry City,Premier League,Defender,2026/27,0.2022,0.0,0.1011,0.1072,0.6067,0.809,0.2022,1.4157,9.1011,0.809,0.809,2.8315,2.0225,0.809
0,0,0.11,0.14,4,2,0,0,48,4,2,16,8,6,444,5,340713,Matt Grimes,matt-grimes,Coventry City,Premier League,Midfielder,2026/27,0.0,0.0,0.0223,0.0284,0.8108,0.4054,0.0,0.0,9.7297,0.8108,0.4054,3.2432,1.6216,1.2162
0,0,0.0,0.3,0,3,0,1,31,4,5,13,13,4,360,4,948723,Milan van Ewijk,milan-van-ewijk,Coventry City,Premier League,Defender,2026/27,0.0,0.0,0.0,0.075,0.0,0.75,0.0,0.25,7.75,1.0,1.25,3.25,3.25,1.0
0,0,0.15,0.57,4,7,2,1,48,5,6,15,9,1,437,5,1109771,Adam Wharton,adam-wharton,Crystal Palace,Premier League,Midfielder,2026/27,0.0,0.0,0.0309,0.1174,0.8238,1.4416,0.4119,0.2059,9.8856,1.0297,1.2357,3.0892,1.8535,0.2059
1,0,0.96,0.32,7,3,0,6,31,12,6,26,15,5,380,5,1403362,Anan Khalaili,anan-khalaili,Crystal Palace,Premier League,Midfielder,2026/27,0.2368,0.0,0.2274,0.0758,1.6579,0.7105,0.0,1.4211,7.3421,2.8421,1.4211,6.1579,3.5526,1.1842
0,0,0.08,0.07,2,0,0,2,21,6,7,16,33,6,450,5,931844,Chris Richards,chris-richards,Crystal Palace,Premier League,Defender,2026/27,0.0,0.0,0.016,0.014,0.4,0.0,0.0,0.4,4.2,1.2,1.4,3.2,6.6,1.2
0,3,0.47,0.38,4,6,2,2,50,9,1,23,3,2,443,5,794338,Daichi Kamada,daichi-kamada,Crystal Palace,Premier League,Midfielder,2026/27,0.0,0.6095,0.0955,0.0772,0.8126,1.219,0.4063,0.4063,10.158,1.8284,0.2032,4.6727,0.6095,0.4063
0,0,0.05,0.14,1,1,0,0,27,6,6,11,16,5,360,4,1471671,Jaydee Canvot,jaydee-canvot,Crystal Palace,Premier League,Defender,2026/27,0.0,0.0,0.0125,0.035,0.25,0.25,0.0,0.0,6.75,1.5,1.5,2.75,4.0,1.25
1,0,0.42,0.2,6,2,0,2,13,2,0,5,4,10,301,5,876599,Jørgen Strand Larsen,jorgen-strand-larsen,Crystal Palace,Premier League,Forward,2026/27,0.299,0.0,0.1256,0.0598,1.794,0.598,0.0,0.598,3.887,0.598,0.0,1.495,1.196,2.99
2,0,0.77,0.26,5,5,1,2,34,7,2,23,11,3,421,5,988275,Tyrick Mitchell,tyrick-mitchell,Crystal Palace,Premier League,Midfielder,2026/27,0.4276,0.0,0.1646,0.0556,1.0689,1.0689,0.2138,0.4276,7.2684,1.4964,0.4276,4.9169,2.3515,0.6413
0,0,0.51,0.56,6,5,3,2,28,3,1,16,3,2,311,5,984624,Yéremy Pino,yeremy-pino,Crystal Palace,Premier League,Forward,2026/27,0.0,0.0,0.1476,0.1621,1.7363,1.4469,0.8682,0.5788,8.1029,0.8682,0.2894,4.6302,0.8682,0.5788
0,1,0.21,0.49,4,4,2,2,41,5,4,19,6,2,446,5,1627560,Harrison Armstrong,harrison-armstrong,Everton,Premier League,Midfielder,2026/27,0.0,0.2018,0.0424,0.0989,0.8072,0.8072,0.4036,0.4036,8.2735,1.009,0.8072,3.8341,1.2108,0.4036
0,0,0.2,0.16,3,4,0,0,43,8,3,25,5,0,330,5,927361,James Garner,james-garner,Everton,Premier League,Midfielder,2026/27,0.0,0.0,0.0545,0.0436,0.8182,1.0909,0.0,0.0,11.7273,2.1818,0.8182,6.8182,1.3636,0.0
1,1,0.18,0.03,4,2,1,0,32,9,14,18,23,20,450,5,145188,James Tarkowski,james-tarkovsky,Everton,Premier League,Defender,2026/27,0.2,0.2,0.036,0.006,0.8,0.4,0.2,0.0,6.4,1.8,2.8,3.6,4.6,4.0
0,0,0.16,0.03,3,0,0,0,16,3,7,14,31,13,450,5,979563,Jarrad Branthwaite,jarrad-branthwaite,Everton,Premier League,Defender,2026/27,0.0,0.0,0.032,0.006,0.6,0.0,0.0,0.0,3.2,0.6,1.4,2.8,6.2,2.6
1,0,0.99,0.83,18,11,1,6,80,4,1,26,3,1,448,5,861970,Kiernan Dewsbury-Hall,kiernan-dewsbury-hall,Everton,Premier League,Midfielder,2026/27,0.2009,0.0,0.1989,0.1667,3.6161,2.2098,0.2009,1.2054,16.0714,0.8036,0.2009,5.2232,0.6027,0.2009
2,0,3.5,0.16,17,5,0,4,19,1,2,11,3,17,419,5,1395746,Thierno Barry,thierno-barry,Everton,Premier League,Forward,2026/27,0.4296,0.0,0.7518,0.0344,3.6516,1.074,0.0,0.8592,4.0811,0.2148,0.4296,2.3628,0.6444,3.6516
1,0,0.33,0.31,10,7,1,9,34,1,3,12,2,2,312,5,1403061,Tyrique George,tyrique-george,Everton,Premier League,Forward,2026/27,0.2885,0.0,0.0952,0.0894,2.8846,2.0192,0.2885,2.5962,9.8077,0.2885,0.8654,3.4615,0.5769,0.5769
0,0,0.04,0.15,1,2,0,2,40,11,7,30,13,11,450,5,876643,Vitaliy Mykolenko,vitaliy-mykolenko,Everton,Premier League,Defender,2026/27,0.0,0.0,0.008,0.03,0.2,0.4,0.0,0.4,8.0,2.2,1.4,6.0,2.6,2.2
0,0,0.39,1.22,6,10,3,1,77,4,3,19,2,0,411,5,352770,Alex Iwobi,alex-iwobi,Fulham,Premier League,Midfielder,2026/27,0.0,0.0,0.0854,0.2672,1.3139,2.1898,0.6569,0.219,16.8613,0.8759,0.6569,4.1606,0.438,0.0
0,0,0.27,0.31,4,7,0,4,55,10,3,20,12,2,431,5,803174,Antonee Robinson,antonee-robinson,Fulham,Premier League,Defender,2026/27,0.0,0.0,0.0564,0.0647,0.8353,1.4617,0.0,0.8353,11.4849,2.0882,0.6265,4.1763,2.5058,0.4176
0,0,0.13,0.09,3,0,0,4,47,3,4,22,17,2,450,5,861972,Calvin Bassey,calvin-bassey,Fulham,Premier League,Defender,2026/27,0.0,0.0,0.026,0.018,0.6,0.0,0.0,0.8,9.4,0.6,0.8,4.4,3.4,0.4
1,0,2.34,0.57,15,3,1,4,24,1,1,9,5,16,427,5,1402716,Gonzalo García,gonzalo-garcia,Fulham,Premier League,Forward,2026/27,0.2108,0.0,0.4932,0.1201,3.1616,0.6323,0.2108,0.8431,5.0585,0.2108,0.2108,1.897,1.0539,3.3724
2,0,1.54,0.46,14,4,1,7,46,4,1,16,3,1,427,5,1546231,Josh King,joshua-king,Fulham,Premier League,Midfielder,2026/27,0.4215,0.0,0.3246,0.097,2.9508,0.8431,0.2108,1.4754,9.6956,0.8431,0.2108,3.3724,0.6323,0.2108
0,0,0.54,1.15,4,8,1,3,42,1,5,15,0,1,348,5,1065216,Oscar Bobb,oscar-bobb,Fulham,Premier League,Midfielder,2026/27,0.0,0.0,0.1397,0.2974,1.0345,2.069,0.2586,0.7759,10.8621,0.2586,1.2931,3.8793,0.0,0.2586
0,0,0.08,0.36,2,6,1,0,34,2,1,8,4,2,352,5,793167,Sander Berge,sander-berge,Fulham,Premier League,Midfielder,2026/27,0.0,0.0,0.0205,0.092,0.5114,1.5341,0.2557,0.0,8.6932,0.5114,0.2557,2.0455,1.0227,0.5114
0,0,0.09,0.16,2,3,0,3,43,3,9,19,6,3,304,5,1131449,Shea Charles,shea-charles,Fulham,Premier League,Midfielder,2026/27,0.0,0.0,0.0266,0.0474,0.5921,0.8882,0.0,0.8882,12.7303,0.8882,2.6645,5.625,1.7763,0.8882
0,1,0.68,0.39,4,4,0,1,32,5,4,18,15,3,410,5,329417,Timothy Castagne,timothy-castagne,Fulham,Premier League,Defender,2026/27,0.0,0.2195,0.1493,0.0856,0.878,0.878,0.0,0.2195,7.0244,1.0976,0.878,3.9512,3.2927,0.6585
0,0,0.05,0.01,3,0,0,0,8,3,6,12,39,9,438,5,100578,John Egan,john-egan,Hull City,Premier League,Defender,2026/27,0.0,0.0,0.0103,0.0021,0.6164,0.0,0.0,0.0,1.6438,0.6164,1.2329,2.4658,8.0137,1.8493
0,0,0.13,0.06,1,2,0,0,24,3,2,11,6,2,351,5,827587,Lewie Coyle,lewie-coyle,Hull City,Premier League,Defender,2026/27,0.0,0.0,0.0333,0.0154,0.2564,0.5128,0.0,0.0,6.1538,0.7692,0.5128,2.8205,1.5385,0.5128
2,2,0.71,0.44,13,5,1,6,27,8,9,14,3,2,398,5,1125839,Mohamed Belloumi,mohamed-belloumi,Hull City,Premier League,Midfielder,2026/27,0.4523,0.4523,0.1606,0.0995,2.9397,1.1307,0.2261,1.3568,6.1055,1.809,2.0352,3.1658,0.6784,0.4523
0,1,1.23,0.14,10,6,0,4,24,1,1,9,8,25,442,5,367228,Oli McBurnie,oli-mcburnie,Hull City,Premier League,Forward,2026/27,0.0,0.2036,0.2505,0.0285,2.0362,1.2217,0.0,0.8145,4.8869,0.2036,0.2036,1.8326,1.629,5.0905
0,1,0.21,0.6,4,6,2,3,31,5,4,15,5,6,438,5,864474,Regan Slater,regan-slater,Hull City,Premier League,Midfielder,2026/27,0.0,0.2055,0.0432,0.1233,0.8219,1.2329,0.411,0.6164,6.3699,1.0274,0.8219,3.0822,1.0274,1.2329
0,1,0.02,0.44,1,8,3,2,24,3,4,14,15,5,445,5,931304,Ryan Giles,ryan-giles,Hull City,Premier League,Defender,2026/27,0.0,0.2022,0.004,0.089,0.2022,1.618,0.6067,0.4045,4.8539,0.6067,0.809,2.8315,3.0337,1.0112
1,0,0.66,0.02,3,0,0,3,19,3,5,16,16,8,424,5,307274,Semi Ajayi,semi-ajayi,Hull City,Premier League,Defender,2026/27,0.2123,0.0,0.1401,0.0042,0.6368,0.0,0.0,0.6368,4.033,0.6368,1.0613,3.3962,3.3962,1.6981
0,1,0.17,1.1,4,8,4,12,18,6,5,11,3,3,357,5,1103589,Abdul Fatawu Issahaku,abdul-fatawu-issahaku,Ipswich Town,Premier League,Midfielder,2026/27,0.0,0.2521,0.0429,0.2773,1.0084,2.0168,1.0084,3.0252,4.5378,1.5126,1.2605,2.7731,0.7563,0.7563
0,0,0.07,0.26,1,6,0,2,19,2,6,18,31,16,450,5,856719,Dara O'Shea,dara-oshea,Ipswich Town,Premier League,Defender,2026/27,0.0,0.0,0.014,0.052,0.2,1.2,0.0,0.4,3.8,0.4,1.2,3.6,6.2,3.2
2,1,1.61,0.12,9,4,2,3,9,3,0,4,3,7,321,5,1128844,Emersonn,emersonn,Ipswich Town,Premier League,Forward,2026/27,0.5607,0.2804,0.4514,0.0336,2.5234,1.1215,0.5607,0.8411,2.5234,0.8411,0.0,1.1215,0.8411,1.9626
0,0,0.06,0.17,1,2,0,2,15,4,11,21,22,7,450,5,825719,Issa Diop,issa-diop,Ipswich Town,Premier League,Defender,2026/27,0.0,0.0,0.012,0.034,0.2,0.4,0.0,0.4,3.0,0.8,2.2,4.2,4.4,1.4
0,0,0.0,0.06,0,1,0,0,20,3,2,12,18,7,358,4,990821,Jacob Greaves,jacob-greaves,Ipswich Town,Premier League,Defender,2026/27,0.0,0.0,0.0,0.0151,0.0,0.2514,0.0,0.0,5.0279,0.7542,0.5028,3.0168,4.5251,1.7598
0,2,1.27,0.9,17,6,2,8,39,2,3,24,2,1,415,5,973556,Julio Enciso,julio-enciso,Ipswich Town,Premier League,Midfielder,2026/27,0.0,0.4337,0.2754,0.1952,3.6867,1.3012,0.4337,1.7349,8.4578,0.4337,0.6506,5.2048,0.4337,0.2169
2,1,1.59,0.46,6,4,1,0,29,1,3,10,15,3,450,5,963493,Leif Davis,leif-davis,Ipswich Town,Premier League,Defender,2026/27,0.4,0.2,0.318,0.092,1.2,0.8,0.2,0.0,5.8,0.2,0.6,2.0,3.0,0.6
0,1,0.02,0.4,1,6,0,1,41,4,6,13,9,2,403,5,371222,Saša Lukić,sasa-lukic,Ipswich Town,Premier League,Midfielder,2026/27,0.0,0.2233,0.0045,0.0893,0.2233,1.34,0.0,0.2233,9.1563,0.8933,1.34,2.9032,2.0099,0.4467
1,0,0.97,0.31,7,6,0,2,34,6,11,21,14,12,448,5,889861,Anton Stach,anton-stach,Leeds United,Premier League,Midfielder,2026/27,0.2009,0.0,0.1949,0.0623,1.4062,1.2054,0.0,0.4018,6.8304,1.2054,2.2098,4.2188,2.8125,2.4107
3,0,3.12,0.09,11,1,0,1,16,0,0,13,9,24,421,5,372344,Dominic Calvert-Lewin,dominic-calvert-lewin,Leeds United,Premier League,Forward,2026/27,0.6413,0.0,0.667,0.0192,2.3515,0.2138,0.0,0.2138,3.4204,0.0,0.0,2.7791,1.924,5.1306
0,0,0.08,0.26,2,5,0,1,23,6,11,24,10,4,450,5,847097,Ethan Ampadu,ethan-ampadu,Leeds United,Premier League,Midfielder,2026/27,0.0,0.0,0.016,0.052,0.4,1.0,0.0,0.2,4.6,1.2,2.2,4.8,2.0,0.8
0,1,0.22,0.42,4,4,1,0,22,9,8,14,18,11,450,5,827681,James Justin,james-justin,Leeds United,Premier League,Defender,2026/27,0.0,0.2,0.044,0.084,0.8,0.8,0.2,0.0,4.4,1.8,1.6,2.8,3.6,2.2
1,0,1.19,0.08,5,2,0,3,16,4,2,11,8,5,369,5,929132,Jayden Bogle,jayden-bogle,Leeds United,Premier League,Midfielder,2026/27,0.2439,0.0,0.2902,0.0195,1.2195,0.4878,0.0,0.7317,3.9024,0.9756,0.4878,2.6829,1.9512,1.2195
0,0,0.12,0.59,2,2,2,0,24,1,4,8,18,6,326,4,282229,Nico Elvedi,nico-elvedi,Leeds United,Premier League,Defender,2026/27,0.0,0.0,0.0331,0.1629,0.5521,0.5521,0.5521,0.0,6.6258,0.2761,1.1043,2.2086,4.9693,1.6564
1,0,0.17,0.27,5,2,0,12,17,7,1,8,2,3,303,5,865523,Noah Okafor,noah-okafor,Leeds United,Premier League,Forward,2026/27,0.297,0.0,0.0505,0.0802,1.4851,0.5941,0.0,3.5644,5.0495,2.0792,0.297,2.3762,0.5941,0.8911
0,1,0.49,0.05,5,1,1,3,18,2,11,16,37,16,450,5,1118177,Tarik Muharemović,tarik-muharemovic,Leeds United,Premier League,Defender,2026/27,0.0,0.2,0.098,0.01,1.0,0.2,0.2,0.6,3.6,0.4,2.2,3.2,7.4,3.2
4,0,3.54,0.09,15,3,0,4,29,0,1,3,1,5,415,5,823941,Alexander Isak,alexander-isak,Liverpool FC,Premier League,Forward,2026/27,0.8675,0.0,0.7677,0.0195,3.253,0.6506,0.0,0.8675,6.2892,0.0,0.2169,0.6506,0.2169,1.0843
0,0,0.1,0.49,3,3,0,2,52,7,2,19,8,3,308,5,895324,Alexis Mac Allister,alexis-mac-allister,Liverpool FC,Premier League,Midfielder,2026/27,0.0,0.0,0.0292,0.1432,0.8766,0.8766,0.0,0.5844,15.1948,2.0455,0.5844,5.5519,2.3377,0.8766
1,3,0.64,1.7,10,11,1,6,51,7,7,15,2,4,371,5,862967,Cody Gakpo,cody-gakpo,Liverpool FC,Premier League,Midfielder,2026/27,0.2426,0.7278,0.1553,0.4124,2.4259,2.6685,0.2426,1.4555,12.372,1.6981,1.6981,3.6388,0.4852,0.9704
1,0,1.42,0.78,13,11,3,2,65,4,4,22,6,3,441,5,869856,Dominik Szoboszlai,dominik-szoboszlai,Liverpool FC,Premier League,Midfielder,2026/27,0.2041,0.0,0.2898,0.1592,2.6531,2.2449,0.6122,0.4082,13.2653,0.8163,0.8163,4.4898,1.2245,0.6122
0,1,0.99,0.39,12,9,0,6,70,4,0,25,3,4,403,5,1019322,Florian Wirtz,florian-wirtz,Liverpool FC,Premier League,Midfielder,2026/27,0.0,0.2233,0.2211,0.0871,2.6799,2.0099,0.0,1.34,15.6328,0.8933,0.0,5.5831,0.67,0.8933
0,0,0.0,0.14,0,3,0,3,60,6,8,21,13,10,417,5,1445625,Jérémy Jacquet,jeremy-jacquet,Liverpool FC,Premier League,Defender,2026/27,0.0,0.0,0.0,0.0302,0.0,0.6475,0.0,0.6475,12.9496,1.295,1.7266,4.5324,2.8058,2.1583
0,0,0.07,0.08,3,2,0,1,47,4,2,10,17,4,386,5,1097425,Miloš Kerkez,milos-kerkez,Liverpool FC,Premier League,Defender,2026/27,0.0,0.0,0.0163,0.0187,0.6995,0.4663,0.0,0.2332,10.9585,0.9326,0.4663,2.3316,3.9637,0.9326
0,0,0.25,0.09,2,1,0,0,60,4,7,18,35,15,450,5,151545,Virgil van Dijk,virgil-van-dijk,Liverpool FC,Premier League,Defender,2026/27,0.0,0.0,0.05,0.018,0.4,0.2,0.0,0.0,12.0,0.8,1.4,3.6,7.0,3.0
2,3,0.34,1.16,7,10,2,4,63,4,1,14,1,2,450,5,934354,Antoine Semenyo,antoine-semenyo,Manchester City,Premier League,Midfielder,2026/27,0.4,0.6,0.068,0.232,1.4,2.0,0.4,0.8,12.6,0.8,0.2,2.8,0.2,0.4
0,0,0.1,0.67,4,3,2,4,83,7,8,23,10,5,415,5,994546,Elliot Anderson,elliot-anderson,Manchester City,Premier League,Midfielder,2026/27,0.0,0.0,0.0217,0.1453,0.8675,0.6506,0.4337,0.8675,18.0,1.5181,1.7349,4.988,2.1687,1.0843
5,0,4.43,0.53,20,1,1,4,22,0,1,10,9,9,450,5,839956,Erling Haaland,erling-haaland,Manchester City,Premier League,Forward,2026/27,1.0,0.0,0.886,0.106,4.0,0.2,0.2,0.8,4.4,0.0,0.2,2.0,1.8,1.8
0,1,0.39,0.59,7,7,2,9,61,3,4,26,6,2,387,5,914309,Iliman Ndiaye,iliman-ndiaye,Manchester City,Premier League,Midfielder,2026/27,0.0,0.2326,0.0907,0.1372,1.6279,1.6279,0.4651,2.093,14.186,0.6977,0.9302,6.0465,1.3953,0.4651
1,2,0.22,0.75,3,3,1,5,45,5,7,21,11,11,435,5,964994,Joško Gvardiol,josko-gvardiol,Manchester City,Premier League,Defender,2026/27,0.2069,0.4138,0.0455,0.1552,0.6207,0.6207,0.2069,1.0345,9.3103,1.0345,1.4483,4.3448,2.2759,2.2759
1,1,0.95,0.4,3,3,1,4,78,3,3,19,21,13,450,5,877994,Marc Guéhi,marc-guehi,Manchester City,Premier League,Defender,2026/27,0.2,0.2,0.19,0.08,0.6,0.6,0.2,0.8,15.6,0.6,0.6,3.8,4.2,2.6
3,2,0.72,1.54,9,12,3,5,60,0,1,9,2,0,305,5,979128,Rayan Cherki,cherki-rayan,Manchester City,Premier League,Midfielder,2026/27,0.8852,0.5902,0.2125,0.4544,2.6557,3.541,0.8852,1.4754,17.7049,0.0,0.2951,2.6557,0.5902,0.0
0,0,0.29,0.74,2,3,0,2,36,1,3,16,20,15,450,5,318941,Rúben Dias,ruben-dias,Manchester City,Premier League,Defender,2026/27,0.0,0.0,0.058,0.148,0.4,0.6,0.0,0.4,7.2,0.2,0.6,3.2,4.0,3.0
3,1,2.57,1.32,19,13,1,2,122,4,0,21,2,1,450,5,288205,Bruno Fernandes,bruno-fernandes,Manchester United,Premier League,Midfielder,2026/27,0.6,0.2,0.514,0.264,3.8,2.6,0.2,0.4,24.4,0.8,0.0,4.2,0.4,0.2
2,0,3.06,0.8,19,10,2,3,73,4,4,14,2,4,450,5,927083,Bryan Mbeumo,bryan-mbeumo,Manchester United,Premier League,Forward,2026/27,0.4,0.0,0.612,0.16,3.8,2.0,0.4,0.6,14.6,0.8,0.8,2.8,0.4,0.8
0,0,0.24,0.24,8,8,1,3,46,5,5,21,4,4,348,5,843200,Diogo Dalot,diogo-dalot,Manchester United,Premier League,Defender,2026/27,0.0,0.0,0.0621,0.0621,2.069,2.069,0.2586,0.7759,11.8966,1.2931,1.2931,5.431,1.0345,1.0345
0,0,0.21,0.46,6,3,1,3,42,2,6,21,20,17,450,5,149380,Harry Maguire,harry-maguire,Manchester United,Premier League,Defender,2026/27,0.0,0.0,0.042,0.092,1.2,0.6,0.2,0.6,8.4,0.4,1.2,4.2,4.0,3.4
0,1,0.3,0.53,6,6,0,10,81,4,6,40,3,2,357,5,1142175,Kobbie Mainoo,kobbie-mainoo,Manchester United,Premier League,Midfielder,2026/27,0.0,0.2521,0.0756,0.1336,1.5126,1.5126,0.0,2.521,20.4202,1.0084,1.5126,10.084,0.7563,0.5042
0,0,0.21,0.16,6,1,0,1,37,3,2,14,13,8,360,4,859999,Lisandro Martínez,lisandro-martinez,Manchester United,Premier League,Defender,2026/27,0.0,0.0,0.0525,0.04,1.5,0.25,0.0,0.25,9.25,0.75,0.5,3.5,3.25,2.0
0,1,0.03,0.57,2,5,1,0,55,4,6,7,8,6,336,4,190839,Luke Shaw,luke-shaw,Manchester United,Premier League,Defender,2026/27,0.0,0.2679,0.008,0.1527,0.5357,1.3393,0.2679,0.0,14.7321,1.0714,1.6071,1.875,2.1429,1.6071
0,0,0.77,0.42,13,13,0,8,57,1,1,10,3,3,355,5,814590,Marcus Rashford,marcus-rashford,Manchester United,Premier League,Forward,2026/27,0.0,0.0,0.1952,0.1065,3.2958,3.2958,0.0,2.0282,14.4507,0.2535,0.2535,2.5352,0.7606,0.7606
1,1,0.63,0.84,13,8,3,3,55,2,1,9,0,0,410,5,886363,Matheus Cunha,matheus-cunha,Manchester United,Premier League,Forward,2026/27,0.2195,0.2195,0.1383,0.1844,2.8537,1.7561,0.6585,0.6585,12.0732,0.439,0.2195,1.9756,0.0,0.0
0,0,0.64,0.51,7,7,0,2,110,5,7,25,3,4,404,5,331737,Youri Tielemans,youri-tielemans,Manchester United,Premier League,Midfielder,2026/27,0.0,0.0,0.1426,0.1136,1.5594,1.5594,0.0,0.4455,24.505,1.1139,1.5594,5.5693,0.6683,0.8911
0,1,0.14,0.09,3,2,0,4,15,3,1,15,13,4,328,4,1102791,Amar Dedić,amar-dedic,Newcastle United,Premier League,Defender,2026/27,0.0,0.2744,0.0384,0.0247,0.8232,0.5488,0.0,1.0976,4.1159,0.8232,0.2744,4.1159,3.5671,1.0976
1,2,0.62,0.49,8,6,1,2,37,2,3,16,11,4,449,5,855647,Harvey Barnes,harvey-barnes,Newcastle United,Premier League,Forward,2026/27,0.2004,0.4009,0.1243,0.0982,1.6036,1.2027,0.2004,0.4009,7.4165,0.4009,0.6013,3.2071,2.2049,0.8018
1,1,0.26,0.8,5,6,2,7,59,9,5,38,20,5,449,5,1136730,Lewis Hall,lewis-hall,Newcastle United,Premier League,Defender,2026/27,0.2004,0.2004,0.0521,0.1604,1.0022,1.2027,0.4009,1.4031,11.8263,1.804,1.0022,7.6169,4.0089,1.0022
0,0,0.05,0.14,1,4,0,3,44,4,5,26,12,5,399,5,1400650,Lewis Miley,lewis-miley,Newcastle United,Premier League,Midfielder,2026/27,0.0,0.0,0.0113,0.0316,0.2256,0.9023,0.0,0.6767,9.9248,0.9023,1.1278,5.8647,2.7068,1.1278
0,0,0.0,0.08,0,1,0,2,13,0,2,10,35,18,450,5,1014286,Malick Thiaw,malick-thiaw,Newcastle United,Premier League,Defender,2026/27,0.0,0.0,0.0,0.016,0.0,0.2,0.0,0.4,2.6,0.0,0.4,2.0,7.0,3.6
0,0,0.06,0.19,2,0,0,0,11,2,5,14,42,17,450,5,910046,Sven Botman,sven-botman,Newcastle United,Premier League,Defender,2026/27,0.0,0.0,0.012,0.038,0.4,0.0,0.0,0.0,2.2,0.4,1.0,2.8,8.4,3.4
1,1,2.34,0.06,9,4,1,4,18,0,0,15,5,10,441,5,805123,Yoane Wissa,yoane-wissa,Newcastle United,Premier League,Forward,2026/27,0.2041,0.2041,0.4776,0.0122,1.8367,0.8163,0.2041,0.8163,3.6735,0.0,0.0,3.0612,1.0204,2.0408
1,0,1.25,0.93,11,5,2,3,18,0,1,15,2,2,321,5,944327,Dan Ndoye,dan-ndoye,Nottingham Forest,Premier League,Midfielder,2026/27,0.2804,0.0,0.3505,0.2607,3.0841,1.4019,0.5607,0.8411,5.0467,0.0,0.2804,4.2056,0.5607,0.5607
0,0,0.05,0.03,2,1,0,0,21,2,3,8,24,7,360,4,1170722,Jair,jair-paula,Nottingham Forest,Premier League,Defender,2026/27,0.0,0.0,0.0125,0.0075,0.5,0.25,0.0,0.0,5.25,0.5,0.75,2.0,6.0,1.75
0,0,0.37,1.05,9,12,2,2,58,9,1,21,8,6,418,5,1003334,James McAtee,james-mcatee,Nottingham Forest,Premier League,Midfielder,2026/27,0.0,0.0,0.0797,0.2261,1.9378,2.5837,0.4306,0.4306,12.488,1.9378,0.2153,4.5215,1.7225,1.2919
1,2,1.59,1.42,10,14,5,5,67,1,1,14,1,3,450,5,865912,Morgan Gibbs-White,morgan-gibbs-white,Nottingham Forest,Premier League,Midfielder,2026/27,0.2,0.4,0.318,0.284,2.0,2.8,1.0,1.0,13.4,0.2,0.2,2.8,0.2,0.6
0,1,0.42,0.37,5,5,0,4,42,7,7,18,35,9,448,5,1199282,Murillo,murillo,Nottingham Forest,Premier League,Defender,2026/27,0.0,0.2009,0.0844,0.0743,1.0045,1.0045,0.0,0.8036,8.4375,1.4062,1.4062,3.6161,7.0312,1.808
0,0,0.4,0.62,6,8,1,1,39,11,0,28,12,6,450,5,927356,Neco Williams,neco-williams,Nottingham Forest,Premier League,Defender,2026/27,0.0,0.0,0.08,0.124,1.2,1.6,0.2,0.2,7.8,2.2,0.0,5.6,2.4,1.2
0,0,0.04,0.57,2,4,0,4,18,4,3,14,9,4,309,4,800417,Ola Aina,ola-aina,Nottingham Forest,Premier League,Defender,2026/27,0.0,0.0,0.0117,0.166,0.5825,1.165,0.0,1.165,5.2427,1.165,0.8738,4.0777,2.6214,1.165
0,0,0.18,0.19,6,1,0,4,40,11,5,21,5,4,376,5,791079,Xaver Schlager,xaver-schlager,Nottingham Forest,Premier League,Midfielder,2026/27,0.0,0.0,0.0431,0.0455,1.4362,0.2394,0.0,0.9574,9.5745,2.633,1.1968,5.0266,1.1968,0.9574
3,0,2.94,0.11,11,5,1,2,23,0,0,10,1,13,401,5,910048,Brian Brobbey,brian-brobbey,Sunderland,Premier League,Forward,2026/27,0.6733,0.0,0.6599,0.0247,2.4688,1.1222,0.2244,0.4489,5.1621,0.0,0.0,2.2444,0.2244,2.9177
0,0,0.31,0.17,5,2,0,1,17,4,4,12,31,26,450,5,958878,Daniel Ballard,daniel-ballard,Sunderland,Premier League,Defender,2026/27,0.0,0.0,0.062,0.034,1.0,0.4,0.0,0.2,3.4,0.8,0.8,2.4,6.2,5.2
1,1,2.05,1.34,10,8,4,6,40,5,3,11,0,3,439,5,984014,Enzo Le Fée,enzo-le-fee,Sunderland,Premier League,Midfielder,2026/27,0.205,0.205,0.4203,0.2747,2.0501,1.6401,0.82,1.2301,8.2005,1.0251,0.615,2.2551,0.0,0.615
0,0,0.06,1.32,1,13,5,4,73,6,6,33,3,5,450,5,117777,Granit Xhaka,granit-xhaka,Sunderland,Premier League,Midfielder,2026/27,0.0,0.0,0.012,0.264,0.2,2.6,1.0,0.8,14.6,1.2,1.2,6.6,0.6,1.0
1,1,0.6,0.13,4,2,1,7,29,2,4,14,0,2,318,5,1116571,Nilson Angulo,nilson-angulo,Sunderland,Premier League,Midfielder,2026/27,0.283,0.283,0.1698,0.0368,1.1321,0.566,0.283,1.9811,8.2075,0.566,1.1321,3.9623,0.0,0.566
0,0,0.43,0.24,7,3,1,4,48,5,3,12,7,3,412,5,1171539,Noah Sadiki,noah-sadiki,Sunderland,Premier League,Midfielder,2026/27,0.0,0.0,0.0939,0.0524,1.5291,0.6553,0.2184,0.8738,10.4854,1.0922,0.6553,2.6214,1.5291,0.6553
0,0,0.76,0.27,5,2,1,2,21,9,6,16,25,9,360,4,780014,Nordi Mukiele,nordi-mukiele,Sunderland,Premier League,Defender,2026/27,0.0,0.0,0.19,0.0675,1.25,0.5,0.25,0.5,5.25,2.25,1.5,4.0,6.25,2.25
0,0,0.0,0.32,0,2,0,2,27,4,8,18,12,9,360,4,831424,Reinildo Mandava,reinildo-mandava,Sunderland,Premier League,Defender,2026/27,0.0,0.0,0.0,0.08,0.0,0.5,0.0,0.5,6.75,1.0,2.0,4.5,3.0,2.25
0,1,0.34,0.59,7,2,1,1,28,1,4,15,12,3,399,5,128587,Thomas Meunier,thomas-meunier,Sunderland,Premier League,Defender,2026/27,0.0,0.2256,0.0767,0.1331,1.5789,0.4511,0.2256,0.2256,6.3158,0.2256,0.9023,3.3835,2.7068,0.6767
0,1,0.13,0.43,2,8,3,1,62,4,3,15,9,2,367,5,262911,Andy Robertson,andy-robertson,Tottenham Hotspur,Premier League,Defender,2026/27,0.0,0.2452,0.0319,0.1054,0.4905,1.9619,0.7357,0.2452,15.2044,0.9809,0.7357,3.6785,2.2071,0.4905
0,0,0.24,0.05,3,0,0,3,44,2,4,12,6,2,310,4,1142335,Archie Gray,archie-gray,Tottenham Hotspur,Premier League,Midfielder,2026/27,0.0,0.0,0.0697,0.0145,0.871,0.0,0.0,0.871,12.7742,0.5806,1.1613,3.4839,1.7419,0.5806
1,0,0.7,0.43,5,5,1,0,76,5,3,17,24,12,450,5,962012,Jan Paul van Hecke,jan-paul-van-hecke,Tottenham Hotspur,Premier League,Defender,2026/27,0.2,0.0,0.14,0.086,1.0,1.0,0.2,0.0,15.2,1.0,0.6,3.4,4.8,2.4
0,0,0.59,0.05,3,0,0,0,29,5,3,17,19,10,360,4,998247,Micky van de Ven,micky-van-de-ven,Tottenham Hotspur,Premier League,Defender,2026/27,0.0,0.0,0.1475,0.0125,0.75,0.0,0.0,0.0,7.25,1.25,0.75,4.25,4.75,2.5
0,0,0.38,0.14,7,4,0,12,33,2,0,11,0,0,341,4,873554,Omar Marmoush,omar-marmoush,Tottenham Hotspur,Premier League,Forward,2026/27,0.0,0.0,0.1003,0.037,1.8475,1.0557,0.0,3.1672,8.7097,0.5279,0.0,2.9032,0.0,0.0
0,0,0.02,0.12,1,1,0,1,55,8,5,23,14,9,372,5,791190,Rodrigo Bentancur,rodrigo-bentancur,Tottenham Hotspur,Premier League,Midfielder,2026/27,0.0,0.0,0.0048,0.029,0.2419,0.2419,0.0,0.2419,13.3065,1.9355,1.2097,5.5645,3.3871,2.1774
0,0,0.24,0.61,8,4,1,2,78,3,4,20,5,2,429,5,892673,Sandro Tonali,sandro-tonali,Tottenham Hotspur,Premier League,Midfielder,2026/27,0.0,0.0,0.0503,0.128,1.6783,0.8392,0.2098,0.4196,16.3636,0.6294,0.8392,4.1958,1.049,0.4196
