player_id,detailed
791,Central Midfield
17651,Central Midfield
19356,Centre-Forward
21555,Centre-Back
32048,Centre-Forward
33902,Centre-Forward
34120,Second Striker
35532,Centre-Forward
35612,Defensive Midfield
37318,Centre-Forward
39182,Central Midfield
41560,Attacking Midfield
41789,Centre-Forward
42694,Defensive Midfield
43215,Right-Back
44566,Right-Back
44614,Right-Back
44864,Centre-Back
48480,Central Midfield
50480,Centre-Forward
51498,Centre-Forward
53739,Right-Back
66492,Centre-Back
67769,Left-Back
68332,Defensive Midfield
69256,Right-Back
69408,Centre-Back
81992,Centre-Back
82566,Central Midfield
84531,Left-Back
84539,Central Midfield
84972,Centre-Forward
85859,Second Striker
88528,Centre-Back
96365,Central Midfield
96538,Left-Back
98435,Central Midfield
99090,Centre-Back
99519,Centre-Back
100578,Centre-Back
101882,Centre-Back
103417,Attacking Midfield
106337,Defensive Midfield
110783,Central Midfield
110846,Centre-Back
113956,Centre-Forward
115365,Centre-Back
115665,Centre-Forward
117777,Defensive Midfield
122810,Centre-Back
122951,Defensive Midfield
128587,Right-Back
128637,Right-Back
132645,Centre-Forward
135666,Left Winger
138383,Attacking Midfield
138572,Right-Back
138892,Right-Back
141832,Centre-Back
142622,Centre-Back
143047,Right-Back
143334,Centre-Back
145188,Centre-Back
146866,Centre-Forward
149370,Attacking Midfield
149380,Centre-Back
149606,Right-Back
149663,Centre-Back
149734,Centre-Back
150864,
151138,Right-Back
151545,Centre-Back
152077,Centre-Back
152446,Right-Back
159665,Right Winger
161717,Central Midfield
175185,Left Winger
175753,Centre-Forward
177177,Left-Back
186795,Centre-Back
187313,Defensive Midfield
188365,Right-Back
189061,Left Winger
190159,Centre-Forward
190405,Defensive Midfield
190839,Left-Back
190877,Right-Back
191182,Attacking Midfield
192442,Centre-Forward
193554,Central Midfield
218160,Right Winger
218616,Right Winger
219572,Right-Back
227922,Left-Back
235648,Right-Back
250223,Central Midfield
255999,Defensive Midfield
257091,Centre-Back
260031,Right-Back
262911,Left-Back
268903,Centre-Forward
280979,Left Winger
282229,Centre-Back
286165,Right Winger
286167,Central Midfield
287643,Left-Back
288205,Attacking Midfield
294593,Centre-Back
300522,Centre-Back
303638,Centre-Back
305278,Centre-Forward
307274,Centre-Back
307702,Centre-Back
309078,Centre-Forward
309546,Right Winger
310874,Centre-Forward
315916,Right-Back
316148,Defensive Midfield
318927,Centre-Back
318941,Centre-Back
319735,Right Winger
322391,Central Midfield
325355,Centre-Back
326471,Defensive Midfield
328145,Right Winger
329417,Right-Back
331209,Attacking Midfield
331737,Central Midfield
336655,Centre-Forward
340713,
344129,Centre-Forward
344751,Defensive Midfield
344797,
344847,Left-Back
345111,Centre-Back
345195,Centre-Forward
345333,Centre-Back
350560,Left-Back
352668,Centre-Back
352770,Left Winger
353138,Right-Back
353154,Central Midfield
355528,Right Winger
355796,Defensive Midfield
357598,Left Winger
359272,Defensive Midfield
359664,Centre-Forward
359742,Defensive Midfield
360718,Centre-Back
361352,Centre-Forward
361420,Centre-Forward
362682,Centre-Back
364612,Defensive Midfield
365812,Centre-Back
367228,Centre-Forward
371222,Central Midfield
372336,Right Winger
372344,Centre-Forward
385888,Central Midfield
542634,
547410,Attacking Midfield
547838,Central Midfield
548188,Central Midfield
552036,Central Midfield
552884,Right Winger
555386,Centre-Forward
560128,Central Midfield
560756,Centre-Back
576276,Centre-Back
576384,Centre-Back
580550,Centre-Back
588566,Central Midfield
591132,Right Winger
592010,Central Midfield
592012,Left Winger
593526,Right Winger
597876,Right-Back
599128,Left-Back
604954,Centre-Forward
605374,Left Winger
605672,Centre-Forward
605674,
606346,Centre-Back
609752,Defensive Midfield
754710,Centre-Forward
758664,Defensive Midfield
759520,Right-Back
780014,Right-Back
783126,Left Winger
783374,Right Winger
785468,Centre-Back
785989,Centre-Forward
786186,
787751,Centre-Back
788141,Central Midfield
788216,Right-Back
788784,Centre-Back
789071,Attacking Midfield
789381,Centre-Forward
791079,Central Midfield
791190,Defensive Midfield
791985,Left-Back
792122,Central Midfield
793167,Defensive Midfield
793988,Defensive Midfield
794338,Attacking Midfield
794839,Centre-Forward
794937,Central Midfield
794939,Left-Back
794953,Centre-Back
795064,Right-Back
795066,Right Winger
795222,Central Midfield
796320,Centre-Back
797290,Left-Back
797306,Centre-Back
798835,Attacking Midfield
799041,Defensive Midfield
799054,Central Midfield
799251,Central Midfield
800417,Right-Back
800419,Defensive Midfield
801837,Right-Back
803031,Centre-Back
803039,Centre-Forward
803174,Left-Back
803185,Centre-Forward
804508,Centre-Forward
805123,Centre-Forward
805137,Centre-Back
807116,Centre-Back
807648,Centre-Back
807771,Centre-Back
808590,Right Winger
808955,Right Winger
809276,Left Winger
811629,Central Midfield
813574,Centre-Back
814023,Centre-Back
814360,Left-Back
814385,Centre-Forward
814590,Left Winger
814873,Defensive Midfield
816763,Central Midfield
817979,Centre-Back
818986,Left-Back
822379,Defensive Midfield
822470,Right Winger
822519,Centre-Back
823085,Right-Back
823622,Centre-Forward
823941,Centre-Forward
824200,Left Winger
825133,Left-Back
825719,Centre-Back
825754,Centre-Forward
825844,Left-Back
826004,Central Midfield
826010,Central Midfield
826134,Centre-Back
826167,Centre-Back
826204,Defensive Midfield
826215,Centre-Back
826643,Centre-Forward
826948,Defensive Midfield
827064,Left Winger
827212,Right-Back
827243,Centre-Back
827504,Centre-Back
827587,
827606,Defensive Midfield
827679,Centre-Back
827681,Right-Back
828239,Left-Back
828639,Right Winger
828640,Centre-Back
829022,Centre-Back
829932,Centre-Back
830659,Centre-Back
831005,Left Winger
831253,Centre-Forward
831424,Left-Back
831799,Right-Back
831808,Central Midfield
832427,Central Midfield
833956,Right-Back
834308,Left-Back
835484,Central Midfield
835485,Right Winger
836168,Defensive Midfield
836675,Centre-Back
836694,Attacking Midfield
836698,Left-Back
836705,Centre-Forward
838159,Centre-Back
838399,Centre-Back
838629,Central Midfield
839585,Central Midfield
839956,Centre-Forward
839981,Attacking Midfield
840217,Centre-Forward
840951,Centre-Forward
842419,Right-Back
843200,Right-Back
843678,Central Midfield
843754,Defensive Midfield
844096,Right Winger
844752,Right-Back
844842,Defensive Midfield
845273,Central Midfield
845286,Right Winger
845385,Attacking Midfield
845386,Right Winger
845693,Attacking Midfield
846036,Right-Back
846252,Central Midfield
846308,Centre-Back
846425,Defensive Midfield
847030,Right-Back
847097,Defensive Midfield
847128,Defensive Midfield
848276,Centre-Forward
848512,Right Winger
850035,Defensive Midfield
850823,Centre-Forward
851100,Left Winger
851268,
851271,Left-Back
851282,Right-Back
851596,Attacking Midfield
855647,Left Winger
855731,Right Winger
855831,Centre-Back
855832,Defensive Midfield
855833,Centre-Forward
855835,Left-Back
855837,Left-Back
855845,Defensive Midfield
855864,Centre-Back
856250,Centre-Back
856714,Central Midfield
856719,Centre-Back
856739,Right-Back
857205,Centre-Back
857482,Central Midfield
858194,Centre-Forward
859021,Defensive Midfield
859025,Defensive Midfield
859765,Attacking Midfield
859769,Defensive Midfield
859773,Right-Back
859917,Defensive Midfield
859999,Centre-Back
861970,Central Midfield
861972,Centre-Back
862967,Left Winger
863653,Right-Back
864169,Centre-Back
864474,
864921,Attacking Midfield
865523,Left Winger
865912,Attacking Midfield
866191,Central Midfield
866469,Central Midfield
866810,Right-Back
867441,Attacking Midfield
867442,Left Winger
867445,Attacking Midfield
867887,Central Midfield
868715,Centre-Back
868812,Left Winger
869792,Centre-Back
869856,Attacking Midfield
870360,Right-Back
871706,Centre-Forward
871765,Central Midfield
871886,Central Midfield
872919,Left Winger
873189,Centre-Back
873554,Centre-Forward
873717,
875137,Centre-Forward
875360,Centre-Back
875890,Left Winger
876214,Centre-Back
876599,Centre-Forward
876643,Left-Back
877013,Centre-Forward
877037,Right Winger
877262,Central Midfield
877980,Centre-Forward
877994,Centre-Back
879349,Right Winger
879543,Right-Back
879674,Centre-Back
879694,Central Midfield
879875,Centre-Back
880218,Right Winger
882475,Central Midfield
885664,Attacking Midfield
885864,Central Midfield
885908,Right-Back
886363,Centre-Forward
886930,Centre-Back
887055,Centre-Forward
888550,Central Midfield
889861,Defensive Midfield
891511,Left Winger
891931,Central Midfield
892235,Centre-Back
892521,Centre-Back
892673,Defensive Midfield
893062,Right Winger
893549,Central Midfield
893642,Centre-Back
894474,Centre-Back
894733,Central Midfield
895324,Central Midfield
895576,Attacking Midfield
896073,Right-Back
899982,Second Striker
900003,Right Winger
900008,Central Midfield
900433,Right Winger
900669,Central Midfield
900792,Centre-Back
901325,
901907,Centre-Forward
904827,Centre-Back
904897,Defensive Midfield
904964,
904970,Central Midfield
904970,Central Midfield
905163,Right Winger
905639,Central Midfield
907072,Attacking Midfield
909119,Centre-Forward
909554,Left Winger
909966,Left Winger
910024,Centre-Forward
910026,Left Winger
910031,Left Winger
910046,Centre-Back
910048,Centre-Forward
910267,Right-Back
910536,Right Winger
910978,Centre-Back
911679,Defensive Midfield
913654,Right-Back
913679,Central Midfield
913695,Centre-Back
914309,Right Winger
914765,Central Midfield
914835,Left-Back
914902,Left Winger
917005,Left Winger
917007,Centre-Forward
917087,Attacking Midfield
922573,Left Winger
923894,Centre-Back
923973,Defensive Midfield
924378,Centre-Back
925097,Centre-Back
927066,Central Midfield
927083,Right Winger
927353,Central Midfield
927356,Left-Back
927361,Defensive Midfield
928672,Left-Back
929132,Right-Back
930245,Right Winger
931278,Left-Back
931304,
931844,Centre-Back
932764,Attacking Midfield
934235,Right Winger
934354,Right Winger
934383,Centre-Back
934386,Left Winger
935543,Left Winger
936849,Left Winger
941168,Centre-Back
942836,Right Winger
944165,Right Winger
944225,Centre-Back
944327,Right Winger
944629,Defensive Midfield
944656,Centre-Forward
944660,Left Winger
945122,Right-Back
945217,Centre-Back
945404,Right-Back
945798,Left-Back
946381,Centre-Forward
946695,Centre-Forward
948261,Attacking Midfield
948723,
949156,Central Midfield
949707,Right-Back
949722,Central Midfield
949962,Right Winger
952222,Right Winger
954044,Right-Back
954056,Left Winger
957602,Left-Back
958380,Left Winger
958878,Centre-Back
958916,Centre-Back
958959,Right-Back
959628,Right-Back
959872,Centre-Back
960006,Defensive Midfield
962012,Centre-Back
962029,Centre-Forward
962381,Centre-Back
962408,Centre-Back
962710,Left Winger
962890,Central Midfield
963298,Right Winger
963493,Left-Back
964994,Centre-Back
965011,Left-Back
965031,Right-Back
966441,Left-Back
966526,
966547,Right Winger
966637,Right Winger
966801,Attacking Midfield
966802,Central Midfield
966837,Defensive Midfield
966862,Left Winger
966869,Right-Back
970361,Right-Back
971037,Right Winger
972421,Left Midfield
973290,Right Winger
973300,
973418,
973431,Attacking Midfield
973536,Centre-Forward
973556,Attacking Midfield
973699,Central Midfield
973887,Central Midfield
974505,Central Midfield
974713,Centre-Forward
975079,Left-Back
975937,Central Midfield
976104,Centre-Forward
976141,Central Midfield
976263,Left-Back
976374,Centre-Forward
979128,Attacking Midfield
979144,Left-Back
979232,Right Winger
979563,Centre-Back
979565,
980383,Left Winger
980410,Central Midfield
980623,Centre-Forward
980634,Right-Back
981604,Centre-Forward
981619,Defensive Midfield
982780,Attacking Midfield
983572,Left-Back
984014,Central Midfield
984622,
984623,Centre-Back
984624,Right Winger
984789,Centre-Back
985086,Centre-Back
985329,Attacking Midfield
985726,Left-Back
986245,Left-Back
986397,Centre-Forward
987489,Centre-Forward
987650,Defensive Midfield
987734,Centre-Forward
988275,Left-Back
988351,Defensive Midfield
988672,Centre-Back
989034,Right-Back
989113,Left Winger
990169,Central Midfield
990821,Centre-Back
991011,Attacking Midfield
991421,Central Midfield
991478,Left Winger
992331,Second Striker
992587,Central Midfield
994546,Central Midfield
996910,Centre-Back
996911,Centre-Back
996928,Centre-Back
996929,Left-Back
996958,Right-Back
996974,
996985,Centre-Forward
997033,Second Striker
997035,Left-Back
997087,Centre-Forward
997103,Centre-Back
997152,Left-Back
997183,Attacking Midfield
997221,
997244,
997280,Centre-Forward
998247,Centre-Back
998253,Right-Back
998490,Centre-Forward
998950,Right Winger
998951,Right Winger
999028,Left-Back
999178,Centre-Back
999276,Centre-Back
1000150,Right Winger
1000483,Defensive Midfield
1000676,
1002347,Centre-Back
1002405,
1002711,Central Midfield
1002764,Right-Back
1002837,Centre-Back
1003007,Centre-Back
1003334,Attacking Midfield
1004505,Right Winger
1006069,Centre-Back
1006073,Left Midfield
1006387,Left Winger
1008037,Left Winger
1008259,Right-Back
1008402,Right-Back
1009372,Centre-Forward
1009386,Attacking Midfield
1010165,Left-Back
1010220,Right-Back
1010383,Central Midfield
1010421,Left-Back
1010655,Right-Back
1010656,Attacking Midfield
1010792,
1011375,
1012410,Right-Back
1012444,Left Winger
1013842,Centre-Back
1013928,Left-Back
1014042,Centre-Forward
1014286,Centre-Back
1014595,Defensive Midfield
1014835,Centre-Back
1014987,Left-Back
1015240,Right-Back
1015256,Centre-Forward
1015267,Central Midfield
1015287,Centre-Back
1016019,
1016907,Centre-Forward
1017392,Central Midfield
1018190,Centre-Forward
1019236,Right Winger
1019318,Left Winger
1019322,Attacking Midfield
1020680,Left Winger
1021165,Right-Back
1026015,Centre-Forward
1031258,Central Midfield
1031259,Left Winger
1031283,Left-Back
1033352,
1035996,Central Midfield
1036269,Central Midfield
1046795,Left Winger
1046796,Attacking Midfield
1048422,Centre-Forward
1048888,Centre-Forward
1048916,Defensive Midfield
1063015,Right Winger
1064009,
1064026,Right-Back
1064082,Attacking Midfield
1064218,Centre-Back
1064697,Central Midfield
1065216,Right Winger
1065588,Central Midfield
1066045,Attacking Midfield
1067582,Centre-Back
1068891,Left-Back
1069488,Defensive Midfield
1069703,Centre-Back
1082968,Left Winger
1082981,Attacking Midfield
1083832,Defensive Midfield
1084043,Central Midfield
1084081,Right-Back
1084311,Attacking Midfield
1084381,Central Midfield
1084399,Right Winger
1084730,Left Winger
1085081,Left-Back
1085180,Right Winger
1085400,Left Winger
1085950,Central Midfield
1086128,Centre-Forward
1087359,Centre-Back
1088565,Central Midfield
1089108,Right Winger
1089388,Defensive Midfield
1089582,Defensive Midfield
1090963,Attacking Midfield
1091116,Attacking Midfield
1092769,Right Winger
1094106,Centre-Back
1094440,Left Winger
1094758,Centre-Back
1094827,Centre-Back
1096210,Right-Back
1097425,Left-Back
1097719,Centre-Back
1099352,Right Winger
1100207,
1100646,Central Midfield
1101174,Centre-Back
1101232,Centre-Back
1102791,Right-Back
1103589,
1103693,Central Midfield
1104986,Central Midfield
1105779,Central Midfield
1106451,Right Winger
1106573,Central Midfield
1108450,Centre-Back
1109771,Defensive Midfield
1110842,Left Winger
1112879,Left Winger
1116388,Right-Back
1116571,Left Winger
1117026,Defensive Midfield
1117223,Centre-Back
1118177,Centre-Back
1119345,Central Midfield
1119586,Centre-Back
1120504,
1120669,Central Midfield
1120947,Centre-Back
1122603,Centre-Forward
1122610,Central Midfield
1123218,
1125839,Right Winger
1126447,Left Winger
1126779,Left Winger
1127337,Centre-Back
1128532,Central Midfield
1128844,Centre-Forward
1129360,Centre-Back
1129401,Central Midfield
1131449,Defensive Midfield
1131581,Left Winger
1135873,Left Winger
1136730,Left-Back
1136731,Right-Back
1136863,
1136896,Left-Back
1137431,Right-Back
1137814,Central Midfield
1139409,Attacking Midfield
1140599,Left Winger
1142175,Central Midfield
1142315,Defensive Midfield
1142335,Defensive Midfield
1142351,Centre-Forward
1142562,Central Midfield
1142588,Central Midfield
1142675,Right Winger
1142679,Left Winger
1142703,Left-Back
1144630,Centre-Back
1145100,Centre-Back
1145642,Left Winger
1150952,Left-Back
1152139,Right-Back
1153079,Left-Back
1153270,Attacking Midfield
1153315,Centre-Back
1154549,Defensive Midfield
1154587,Centre-Forward
1154935,Left Winger
1156586,Centre-Back
1156645,Centre-Back
1162107,Right Winger
1164708,
1168588,Centre-Forward
1170560,Defensive Midfield
1170693,Centre-Forward
1170694,Defensive Midfield
1170722,Defensive Midfield
1171539,Central Midfield
1171619,
1172477,Centre-Forward
1173575,Right Winger
1174472,Right Winger
1176744,Centre-Back
1177401,Centre-Back
1177404,Defensive Midfield
1184308,Right-Back
1184541,Right-Back
1186010,Central Midfield
1194333,Centre-Back
1198075,Attacking Midfield
1199043,Defensive Midfield
1199282,Centre-Back
1201412,Left Winger
1216309,Defensive Midfield
1391251,Central Midfield
1391375,Attacking Midfield
1391616,Left Winger
1391752,Central Midfield
1392044,Left-Back
1392054,Left Winger
1392092,Centre-Back
1392592,Centre-Forward
1393673,Centre-Forward
1394089,Attacking Midfield
1395746,Centre-Forward
1396048,Left-Back
1397168,Left Winger
1398511,Left-Back
1398518,Right Winger
1398524,Centre-Forward
1398526,Central Midfield
1399702,Central Midfield
1400106,Right Winger
1400650,Central Midfield
1402716,Centre-Forward
1402908,Right-Back
1402912,Right Winger
1402913,Centre-Back
1402990,Left-Back
1403050,Right-Back
1403061,Left Winger
1403362,Right Midfield
1403364,Left-Back
1403559,Right Winger
1405212,Centre-Back
1406130,Centre-Back
1416535,Centre-Forward
1423711,Left-Back
1426228,Centre-Forward
1428699,Centre-Back
1445625,Centre-Back
1445799,Centre-Back
1457536,Right-Back
1458073,Centre-Back
1464966,Right Winger
1465424,
1466116,Centre-Back
1468046,Right-Back
1468090,Left Winger
1471671,Centre-Back
1471764,Left-Back
1482424,Attacking Midfield
1485300,Centre-Back
1493488,
1495844,Central Midfield
1495856,Right-Back
1496360,Centre-Back
1513222,Right Winger
1513896,Right-Back
1514913,Central Midfield
1515554,Left Winger
1525863,Centre-Back
1526618,Defensive Midfield
1526627,Centre-Back
1526628,Attacking Midfield
1534422,Left-Back
1542721,Right-Back
1546073,Right-Back
1546231,Centre-Forward
1595666,
1597265,Right Winger
1606013,Centre-Forward
1627560,Central Midfield
1630975,Centre-Back
1632454,Right-Back
1649918,Centre-Forward
1649919,Right Winger
1807070,Centre-Back
1832076,Central Midfield
1861680,
1869106,Left Winger
1881902,Left Winger
1893910,Right Winger
1899647,Attacking Midfield
1913386,
1918369,Left-Back
1939173,Left Winger
2065347,Left-Back
2110897,
2237795,Central Midfield
2335487,
2509247,Right Winger
